q,n,r,lower_bound,upper_bound,lower_bound_reference,upper_bound_reference
2,1,1,1,1,rule_trivial_lower,rule_trivial_upper
2,2,1,2,2,rule_trivial_lower,rule_trivial_upper
2,2,2,1,1,rule_trivial_lower,rule_trivial_upper
2,3,1,2,2,rule_trivial_lower,rule_trivial_upper
2,3,2,2,2,rule_trivial_lower,rule_trivial_upper
2,3,3,1,1,rule_trivial_lower,rule_trivial_upper
2,4,1,4,4,lit_taussky_todd_1948,rule_trivial_upper
2,4,2,2,2,rule_trivial_lower,rule_trivial_upper
2,4,3,2,2,rule_trivial_lower,rule_trivial_upper
2,4,4,1,1,rule_trivial_lower,rule_trivial_upper
2,5,1,7,7,lit_taussky_todd_1948,rule_trivial_upper
2,5,2,2,2,lit_taussky_todd_1948,rule_trivial_upper
2,5,3,2,2,rule_trivial_lower,rule_trivial_upper
2,5,4,2,2,rule_trivial_lower,rule_trivial_upper
2,5,5,1,1,rule_trivial_lower,rule_trivial_upper
2,6,1,12,12,lit_stanton_kalbfleisch_1968_and_1969,lit_stanton_kalbfleisch_1968
2,6,2,4,4,lit_cohen_lobstein_sloane_1986,rule_trivial_upper
2,6,3,2,2,rule_trivial_lower,rule_trivial_upper
2,6,4,2,2,rule_trivial_lower,rule_trivial_upper
2,6,5,2,2,rule_trivial_lower,rule_trivial_upper
2,6,6,1,1,rule_trivial_lower,rule_trivial_upper
2,7,1,16,16,rule_perfect_code,rule_perfect_code
2,7,2,7,7,lit_cohen_lobstein_sloane_1986,rule_trivial_upper
2,7,3,2,2,lit_cohen_lobstein_sloane_1986,rule_trivial_upper
2,7,4,2,2,rule_trivial_lower,rule_trivial_upper
2,7,5,2,2,rule_trivial_lower,rule_trivial_upper
2,7,6,2,2,rule_trivial_lower,rule_trivial_upper
2,7,7,1,1,rule_trivial_lower,rule_trivial_upper
2,8,1,32,32,lit_stanton_kalbfleisch_1968_and_1969,rule_trivial_upper
2,8,2,12,12,lit_blass_litsyn_1998_and_1999,lit_cohen_lobstein_sloane_1986
2,8,3,4,4,lit_cohen_lobstein_sloane_1986,rule_trivial_upper
2,8,4,2,2,rule_trivial_lower,rule_trivial_upper
2,8,5,2,2,rule_trivial_lower,rule_trivial_upper
2,8,6,2,2,rule_trivial_lower,rule_trivial_upper
2,8,7,2,2,rule_trivial_lower,rule_trivial_upper
2,8,8,1,1,rule_trivial_lower,rule_trivial_upper
2,9,1,62,62,lit_ostergard_blass_2001,lit_wille_1990_and_1996
2,9,2,16,16,lit_ostergard_weakly_2000,lit_graham_sloane_1985
2,9,3,7,7,lit_cohen_lobstein_sloane_1986,lit_cohen_lobstein_sloane_1986
2,9,4,2,2,rule_trivial_lower,rule_trivial_upper
2,9,5,2,2,rule_trivial_lower,rule_trivial_upper
2,9,6,2,2,rule_trivial_lower,rule_trivial_upper
2,9,7,2,2,rule_trivial_lower,rule_trivial_upper
2,9,8,2,2,rule_trivial_lower,rule_trivial_upper
2,9,9,1,1,rule_trivial_lower,rule_trivial_upper
2,10,1,107,120,lit_bertolo_ostergard_weakly_2004,lit_wille_1990_and_1996
2,10,2,24,30,lit_habsieger_plagne_2000,lit_hamalainen_rankinen_1991
2,10,3,12,12,lit_ostergard_2005,lit_cohen_lobstein_sloane_1986
2,10,4,4,4,lit_cohen_lobstein_sloane_1986,rule_trivial_upper
2,10,5,2,2,rule_trivial_lower,rule_trivial_upper
2,10,6,2,2,rule_trivial_lower,rule_trivial_upper
2,10,7,2,2,rule_trivial_lower,rule_trivial_upper
2,10,8,2,2,rule_trivial_lower,rule_trivial_upper
2,10,9,2,2,rule_trivial_lower,rule_trivial_upper
2,10,10,1,1,rule_trivial_lower,rule_trivial_upper
2,11,1,180,192,lit_blass_litsyn_1998_and_1999,lit_cohen_lobstein_sloane_1986
2,11,2,37,44,lit_habsieger_plagne_2000,lit_honkala_hamalainen_1988
2,11,3,15,16,lit_keri_2006,lit_graham_sloane_1985
2,11,4,7,7,lit_cohen_lobstein_sloane_1986,rule_trivial_upper
2,11,5,2,2,lit_cohen_lobstein_sloane_1986,rule_trivial_upper
2,11,6,2,2,rule_trivial_lower,rule_trivial_upper
2,11,7,2,2,rule_trivial_lower,rule_trivial_upper
2,11,8,2,2,rule_trivial_lower,rule_trivial_upper
2,11,9,2,2,rule_trivial_lower,rule_trivial_upper
2,11,10,2,2,rule_trivial_lower,rule_trivial_upper
2,12,1,348,380,lit_wu_chen_2024,lit_wille_1990_and_1996
2,12,2,62,78,lit_habsieger_plagne_2000,lit_ostergard_1994
2,12,3,19,28,lit_gijswijt_polak_2025,lit_hamalainen_honkala_kaikkonen_litsyn_1993
2,12,4,11,12,lit_ostergard_2005,lit_cohen_lobstein_sloane_1986
2,12,5,4,4,lit_cohen_lobstein_sloane_1986,rule_trivial_upper
2,12,6,2,2,rule_trivial_lower,rule_trivial_upper
2,12,7,2,2,rule_trivial_lower,rule_trivial_upper
2,12,8,2,2,rule_trivial_lower,rule_trivial_upper
2,12,9,2,2,rule_trivial_lower,rule_trivial_upper
2,12,10,2,2,rule_trivial_lower,rule_trivial_upper
2,13,1,607,704,lit_gijswijt_polak_2025,lit_ostergard_weakly_1999
2,13,2,101,128,lit_gijswijt_polak_2025,lit_graham_sloane_1985
2,13,3,28,42,lit_li_chen_1994,lit_hamalainen_honkala_kaikkonen_litsyn_1993
2,13,4,12,16,lit_keri_2009,lit_graham_sloane_1985
2,13,5,7,7,lit_cohen_lobstein_sloane_1986,rule_trivial_upper
2,13,6,2,2,lit_cohen_lobstein_sloane_1986,rule_trivial_upper
2,13,7,2,2,rule_trivial_lower,rule_trivial_upper
2,13,8,2,2,rule_trivial_lower,rule_trivial_upper
2,13,9,2,2,rule_trivial_lower,rule_trivial_upper
2,13,10,2,2,rule_trivial_lower,rule_trivial_upper
2,14,1,1185,1408,lit_gijswijt_polak_2025,rule_trivial_upper
2,14,2,170,248,lit_gijswijt_polak_2025,lit_bertolo_di_pasquale_santisi_2006
2,14,3,44,64,lit_li_chen_1994,lit_graham_sloane_1985
2,14,4,16,28,lit_bhandari_chanduka_lal_1998,lit_hamalainen_honkala_kaikkonen_litsyn_1993
2,14,5,10,12,lit_keri_2006,lit_cohen_lobstein_sloane_1986
2,14,6,4,4,lit_cohen_lobstein_sloane_1986,rule_trivial_upper
2,14,7,2,2,rule_trivial_lower,rule_trivial_upper
2,14,8,2,2,rule_trivial_lower,rule_trivial_upper
2,14,9,2,2,rule_trivial_lower,rule_trivial_upper
2,14,10,2,2,rule_trivial_lower,rule_trivial_upper
2,15,1,2048,2048,rule_perfect_code,rule_perfect_code
2,15,2,310,384,lit_habsieger_plagne_2000,lit_ostergard_kaikkonen_1998
2,15,3,70,112,lit_li_chen_1994,lit_honkala_hamalainen_1988
2,15,4,23,32,lit_gijswijt_polak_2025,lit_ostergard_kaikkonen_1998
2,15,5,12,16,lit_keri_2009,lit_graham_sloane_1985
2,15,6,7,7,lit_cohen_lobstein_sloane_1986,lit_cohen_lobstein_sloane_1986
2,15,7,2,2,rule_trivial_lower,rule_trivial_upper
2,15,8,2,2,rule_trivial_lower,rule_trivial_upper
2,15,9,2,2,rule_trivial_lower,rule_trivial_upper
2,15,10,2,2,rule_trivial_lower,rule_trivial_upper
2,16,1,4096,4096,lit_van_wee_1988,rule_trivial_upper
2,16,2,512,768,lit_zhang_1991,rule_trivial_upper
2,16,3,115,192,lit_habsieger_plagne_2000,lit_hamalainen_honkala_litsyn_ostergard_1995
2,16,4,34,64,lit_gijswijt_polak_2025,rule_trivial_upper
2,16,5,14,28,lit_gijswijt_polak_2025,lit_cohen_honkala_litsyn_lobstein_1997
2,16,6,9,12,lit_keri_ostergard_2003_2006,lit_cohen_lobstein_sloane_1986
2,16,7,4,4,lit_cohen_lobstein_sloane_1986,rule_trivial_upper
2,16,8,2,2,rule_trivial_lower,rule_trivial_upper
2,16,9,2,2,rule_trivial_lower,rule_trivial_upper
2,16,10,2,2,rule_trivial_lower,rule_trivial_upper
2,17,1,7426,8192,lit_gijswijt_polak_2025,rule_trivial_upper
2,17,2,889,1536,lit_gijswijt_polak_2025,rule_trivial_upper
2,17,3,187,320,lit_habsieger_plagne_2000,lit_ostergard_kaikkonen_1998
2,17,4,52,112,lit_li_chen_1994,lit_honkala_hamalainen_1988
2,17,5,20,32,lit_gijswijt_polak_2025,lit_ostergard_kaikkonen_1998
2,17,6,11,16,lit_keri_2009,lit_graham_sloane_1985
2,17,7,7,7,lit_cohen_lobstein_sloane_1986,rule_trivial_upper
2,17,8,2,2,lit_cohen_lobstein_sloane_1986,rule_trivial_upper
2,17,9,2,2,rule_trivial_lower,rule_trivial_upper
2,17,10,2,2,rule_trivial_lower,rule_trivial_upper
2,18,1,14666,16384,lit_wu_chen_2024,rule_trivial_upper
2,18,2,1702,2944,lit_zhang_1991,lit_ostergard_kaikkonen_1998
2,18,3,316,512,lit_zhang_lo_1992,lit_brualdi_pless_1990
2,18,4,83,192,lit_zhang_1991,lit_cohen_honkala_litsyn_lobstein_1997
2,18,5,28,64,lit_gijswijt_polak_2025,rule_trivial_upper
2,18,6,13,28,lit_gijswijt_polak_2025,lit_cohen_honkala_litsyn_lobstein_1997
2,18,7,9,12,lit_keri_ostergard_2003_2006,lit_cohen_lobstein_sloane_1986
2,18,8,4,4,lit_cohen_lobstein_sloane_1986,rule_trivial_upper
2,18,9,2,2,rule_trivial_lower,rule_trivial_upper
2,18,10,2,2,rule_trivial_lower,rule_trivial_upper
2,19,1,26309,31744,lit_habsieger_plagne_2000,lit_li_chen_1994
2,19,2,2898,4096,lit_haas_2007_2008,lit_graham_sloane_1985
2,19,3,513,1024,lit_bhandari_chanduka_lal_1998,rule_trivial_upper
2,19,4,128,256,lit_li_chen_1994,lit_ostergard_kaikkonen_1998
2,19,5,40,64,lit_zhang_lo_1992,lit_graham_sloane_1985
2,19,6,17,32,lit_gijswijt_polak_2025,lit_ostergard_kaikkonen_1998
2,19,7,10,16,lit_keri_2009,lit_graham_sloane_1985
2,19,8,7,7,lit_cohen_lobstein_sloane_1986,rule_trivial_upper
2,19,9,2,2,rule_trivial_lower,rule_trivial_upper
2,19,10,2,2,lit_cohen_lobstein_sloane_1986,rule_trivial_upper
2,20,1,52618,63488,lit_habsieger_plagne_2000,rule_trivial_upper
2,20,2,5330,8192,lit_habsieger_plagne_2000,rule_trivial_upper
2,20,3,892,2048,lit_haas_2007_2008,rule_trivial_upper
2,20,4,208,512,lit_li_chen_1994,rule_trivial_upper
2,20,5,62,128,lit_li_chen_1994,rule_trivial_upper
2,20,6,24,64,lit_bhandari_chanduka_lal_1998,rule_trivial_upper
2,20,7,12,28,lit_keri_2009,lit_cohen_honkala_litsyn_lobstein_1997
2,20,8,9,12,lit_keri_ostergard_2003_2006,lit_cohen_lobstein_sloane_1986
2,20,9,4,4,lit_cohen_lobstein_sloane_1986,rule_trivial_upper
2,20,10,2,2,rule_trivial_lower,rule_trivial_upper
2,21,1,96477,122880,lit_gijswijt_polak_2025,lit_mollard_1981
2,21,2,9900,14336,lit_haas_2007_2008,lit_etzion_greenberg_1993
2,21,3,1475,3072,lit_honkala_1991,lit_ostergard_kaikkonen_1998
2,21,4,336,896,lit_li_chen_1994,lit_honkala_hamalainen_1988
2,21,5,95,256,lit_li_chen_1994,rule_trivial_upper
2,21,6,34,64,lit_gijswijt_polak_2025,lit_graham_sloane_1985
2,21,7,15,32,lit_gijswijt_polak_2025,lit_ostergard_kaikkonen_1998
2,21,8,10,16,lit_keri_2009,lit_graham_sloane_1985
2,21,9,7,7,lit_cohen_lobstein_sloane_1986,rule_trivial_upper
2,21,10,2,2,lit_cohen_lobstein_sloane_1986,rule_trivial_upper
2,22,1,191501,245760,lit_gijswijt_polak_2025,rule_trivial_upper
2,22,2,17336,24576,lit_habsieger_plagne_2000,lit_etzion_greenberg_1993
2,22,3,2544,4096,lit_habsieger_plagne_2000,rule_trivial_upper
2,22,4,553,1536,lit_li_chen_1994,lit_ostergard_kaikkonen_1998
2,22,5,150,512,lit_li_chen_1994,rule_trivial_upper
2,22,6,49,128,lit_li_chen_1994,rule_trivial_upper
2,22,7,21,64,lit_gijswijt_polak_2025,rule_trivial_upper
2,22,8,11,28,lit_keri_2009,lit_cohen_honkala_litsyn_lobstein_1997
2,22,9,9,12,lit_keri_ostergard_2003_2006,lit_cohen_lobstein_sloane_1986
2,22,10,4,4,lit_cohen_lobstein_sloane_1986,rule_trivial_upper
2,23,1,352827,393216,lit_haas_2007_2008,lit_mollard_1981
2,23,2,30828,32768,lit_gijswijt_polak_2025,lit_etzion_greenberg_1993
2,23,3,4096,4096,rule_perfect_code,rule_perfect_code
2,23,4,912,2048,lit_habsieger_plagne_2000,lit_ostergard_kaikkonen_1998
2,23,5,235,640,lit_li_chen_1994,lit_ostergard_kaikkonen_1998
2,23,6,73,224,lit_li_chen_1994,lit_van_wee_1988
2,23,7,29,64,lit_li_chen_1994,lit_graham_sloane_1985
2,23,8,14,32,lit_gijswijt_polak_2025,rule_trivial_upper
2,23,9,9,16,lit_plagne_2008,lit_graham_sloane_1985
2,23,10,7,7,lit_cohen_lobstein_sloane_1986,lit_cohen_lobstein_sloane_1986
2,24,1,701709,786432,lit_wu_chen_2024,rule_trivial_upper
2,24,2,60381,65536,lit_haas_2007_2008,rule_trivial_upper
2,24,3,8128,8192,lit_bhandari_chanduka_lal_1998,rule_trivial_upper
2,24,4,1505,4096,lit_li_chen_1994,rule_trivial_upper
2,24,5,376,1024,lit_li_chen_1994,lit_ostergard_kaikkonen_1998
2,24,6,113,384,lit_li_chen_1994,lit_van_wee_1988
2,24,7,41,128,lit_li_chen_1994,rule_trivial_upper
2,24,8,19,64,lit_gijswijt_polak_2025,rule_trivial_upper
2,24,9,10,28,lit_keri_2009,lit_cohen_honkala_litsyn_lobstein_1997
2,24,10,9,12,lit_keri_ostergard_2003_2006,lit_cohen_lobstein_sloane_1986
2,25,1,1301089,1556480,lit_gijswijt_polak_2025,lit_ostergard_kaikkonen_1998
2,25,2,107218,131072,lit_haas_2007_2008,rule_trivial_upper
2,25,3,13896,16384,lit_zhang_1991,rule_trivial_upper
2,25,4,2558,4096,lit_habsieger_plagne_2000,lit_graham_sloane_1985
2,25,5,608,2048,lit_li_chen_1994,rule_trivial_upper
2,25,6,172,512,lit_li_chen_1994,lit_graham_sloane_1985
2,25,7,60,224,lit_li_chen_1994,lit_van_wee_1988
2,25,8,25,64,lit_li_chen_1994,lit_graham_sloane_1985
2,25,9,13,32,lit_gijswijt_polak_2025,rule_trivial_upper
2,25,10,9,16,lit_plagne_2008,lit_graham_sloane_1985
2,26,1,2589179,3112960,lit_gijswijt_polak_2025,rule_trivial_upper
2,26,2,192747,262144,lit_gijswijt_polak_2025,rule_trivial_upper
2,26,3,24256,32768,lit_habsieger_plagne_2000,rule_trivial_upper
2,26,4,4273,8192,lit_habsieger_plagne_2000,rule_trivial_upper
2,26,5,981,4096,lit_li_chen_1994,rule_trivial_upper
2,26,6,275,1024,lit_bhandari_chanduka_lal_1998,rule_trivial_upper
2,26,7,88,384,lit_li_chen_1994,lit_van_wee_1988
2,26,8,36,128,lit_bhandari_chanduka_lal_1998,rule_trivial_upper
2,26,9,17,56,lit_gijswijt_polak_2025,lit_ostergard_kaikkonen_1998
2,26,10,10,28,lit_keri_2009,lit_cohen_honkala_litsyn_lobstein_1997
2,27,1,4794174,5767168,lit_plagne_2008,lit_ostergard_kaikkonen_1998
2,27,2,380496,524288,lit_habsieger_plagne_2000,rule_trivial_upper
2,27,3,41012,65536,lit_gijswijt_polak_2025,rule_trivial_upper
2,27,4,7181,14336,lit_habsieger_plagne_2000,lit_van_wee_1988
2,27,5,1601,4096,lit_li_chen_1994,lit_graham_sloane_1985
2,27,6,419,1984,lit_li_chen_1994,lit_ostergard_kaikkonen_1998
2,27,7,132,512,lit_li_chen_1994,lit_graham_sloane_1985
2,27,8,50,224,lit_li_chen_1994,lit_van_wee_1988
2,27,9,22,64,lit_li_chen_1994,lit_graham_sloane_1985
2,27,10,12,32,lit_gijswijt_polak_2025,lit_ostergard_kaikkonen_1998
2,28,1,9587084,11534336,lit_habsieger_plagne_2000,rule_trivial_upper
2,28,2,683980,1048576,lit_haas_2007_2008,rule_trivial_upper
2,28,3,80835,131072,lit_bhandari_chanduka_lal_1998,rule_trivial_upper
2,28,4,12482,24576,lit_habsieger_plagne_2000,lit_van_wee_1988
2,28,5,2646,8192,lit_habsieger_plagne_2000,rule_trivial_upper
2,28,6,663,3584,lit_li_chen_1994,lit_ostergard_kaikkonen_1998
2,28,7,202,960,lit_li_chen_1994,lit_honkala_1991
2,28,8,73,384,lit_li_chen_1994,lit_van_wee_1988
2,28,9,30,128,lit_honkala_1991,rule_trivial_upper
2,28,10,15,56,lit_habsieger_plagne_2000,lit_ostergard_kaikkonen_1998
2,29,1,18000844,23068672,lit_gijswijt_polak_2025,rule_trivial_upper
2,29,2,1239885,2097152,lit_gijswijt_polak_2025,rule_trivial_upper
2,29,3,140567,262144,lit_honkala_1991,rule_trivial_upper
2,29,4,21098,32768,lit_li_chen_1994,lit_graham_sloane_1985
2,29,5,4355,14336,lit_habsieger_plagne_2000,lit_van_wee_1988
2,29,6,1068,4096,lit_li_chen_1994,lit_graham_sloane_1985
2,29,7,311,1408,lit_li_chen_1994,lit_ostergard_kaikkonen_1998
2,29,8,106,512,lit_li_chen_1994,lit_graham_sloane_1985
2,29,9,43,224,lit_bhandari_chanduka_lal_1998,lit_van_wee_1988
2,29,10,20,64,lit_gijswijt_polak_2025,lit_graham_sloane_1985
2,30,1,35876816,46137344,lit_wu_chen_2024,rule_trivial_upper
2,30,2,2461892,4194304,lit_habsieger_plagne_2000,rule_trivial_upper
2,30,3,248218,524288,lit_honkala_1991,rule_trivial_upper
2,30,4,38067,65536,lit_haas_2007_2008,rule_trivial_upper
2,30,5,7307,24576,lit_li_chen_1994,lit_van_wee_1988
2,30,6,1727,8192,lit_li_chen_1994,rule_trivial_upper
2,30,7,486,2048,lit_bhandari_chanduka_lal_1998,lit_graham_sloane_1985
2,30,8,158,896,lit_li_chen_1994,lit_ostergard_kaikkonen_1998
2,30,9,61,384,lit_li_chen_1994,lit_van_wee_1988
2,30,10,27,128,lit_li_chen_1994,rule_trivial_upper
2,31,1,67108864,67108864,rule_perfect_code,rule_perfect_code
2,31,2,4464944,8388480,lit_haas_2007_2008,lit_honkala_hamalainen_1988
2,31,3,443515,524288,lit_habsieger_plagne_2000,lit_etzion_greenberg_1993
2,31,4,64680,126976,lit_honkala_1991,lit_ostergard_kaikkonen_1998
2,31,5,12220,32768,lit_li_chen_1994,lit_graham_sloane_1985
2,31,6,2808,14336,lit_li_chen_1994,lit_van_wee_1988
2,31,7,743,2048,lit_li_chen_1994,lit_graham_sloane_1985
2,31,8,238,1344,lit_li_chen_1994,lit_ostergard_kaikkonen_1998
2,31,9,88,512,lit_li_chen_1994,lit_graham_sloane_1985
2,31,10,37,224,lit_honkala_1991,lit_van_wee_1988
2,32,1,134217728,134217728,lit_van_wee_1988,rule_trivial_upper
2,32,2,8173960,16776960,lit_gijswijt_polak_2025,rule_trivial_upper
2,32,3,855613,1048576,lit_haas_2007_2008,rule_trivial_upper
2,32,4,110467,245760,lit_haas_2007_2008,lit_honkala_1991
2,32,5,20556,61440,lit_li_chen_1994,lit_honkala_1991
2,32,6,4597,24576,lit_li_chen_1994,lit_van_wee_1988
2,32,7,1179,4096,lit_li_chen_1994,rule_trivial_upper
2,32,8,369,2048,lit_bhandari_chanduka_lal_1998,lit_graham_sloane_1985
2,32,9,127,896,lit_li_chen_1994,lit_ostergard_kaikkonen_1998
2,32,10,53,384,lit_bhandari_chanduka_lal_1998,lit_van_wee_1988
2,33,1,253764801,268435456,lit_gijswijt_polak_2025,rule_trivial_upper
2,33,2,16210701,32505856,lit_haas_2007_2008,lit_ostergard_kaikkonen_1998
2,33,3,1516208,2097152,lit_bhandari_chanduka_lal_1998,rule_trivial_upper
2,33,4,193704,393216,lit_habsieger_plagne_2000,lit_van_wee_1988
2,33,5,34731,90112,lit_li_chen_1994,lit_ostergard_kaikkonen_1998
2,33,6,7476,32768,lit_li_chen_1994,lit_graham_sloane_1985
2,33,7,1878,8192,lit_li_chen_1994,rule_trivial_upper
2,33,8,557,2048,lit_li_chen_1994,lit_graham_sloane_1985
2,33,9,188,1024,lit_li_chen_1994,lit_ostergard_kaikkonen_1998
2,33,10,74,512,lit_li_chen_1994,lit_graham_sloane_1985
3,1,1,1,1,rule_trivial_lower,rule_trivial_upper
3,2,1,3,3,rule_trivial_lower,rule_trivial_upper
3,2,2,1,1,rule_trivial_lower,rule_trivial_upper
3,3,1,5,5,lit_taussky_todd_1948,rule_trivial_upper
3,3,2,3,3,lit_taussky_todd_1948,rule_trivial_upper
3,3,3,1,1,rule_trivial_lower,rule_trivial_upper
3,4,1,9,9,rule_perfect_code,rule_trivial_upper
3,4,2,3,3,rule_perfect_code,rule_trivial_upper
3,4,3,3,3,rule_trivial_lower,rule_trivial_upper
3,4,4,1,1,rule_trivial_lower,rule_trivial_upper
3,5,1,27,27,lit_kamps_van_lint_1967,rule_trivial_upper
3,5,2,8,8,lit_ostergard_hamalainen_1993,rule_trivial_upper
3,5,3,3,3,lit_keri_2008_2009,rule_trivial_upper
3,5,4,3,3,rule_trivial_lower,rule_trivial_upper
3,5,5,1,1,rule_trivial_lower,rule_trivial_upper
3,6,1,71,73,lit_linderoth_margot_thain_2007,lit_laarhoven_aarts_van_lint_wille_1989
3,6,2,15,17,lit_bertolo_ostergard_weakly_2004,lit_hamalainen_rankinen_1991
3,6,3,6,6,lit_bhandari_durairajan_1996,lit_hamalainen_rankinen_1991
3,6,4,3,3,rule_trivial_lower,rule_trivial_upper
3,6,5,3,3,rule_trivial_lower,rule_trivial_upper
3,6,6,1,1,rule_trivial_lower,rule_trivial_upper
3,7,1,156,186,lit_haas_2006,lit_laarhoven_aarts_van_lint_wille_1989
3,7,2,27,34,lit_gijswijt_polak_2025,lit_ostergard_hamalainen_1993
3,7,3,11,12,lit_keri_2008_2009,lit_hamalainen_rankinen_1991
3,7,4,3,3,rule_trivial_lower,rule_trivial_upper
3,7,5,3,3,rule_trivial_lower,rule_trivial_upper
3,7,6,3,3,rule_trivial_lower,rule_trivial_upper
3,7,7,1,1,rule_trivial_lower,rule_trivial_upper
3,8,1,403,486,lit_gijswijt_polak_2025,lit_laarhoven_aarts_van_lint_wille_1989
3,8,2,58,81,lit_gijswijt_polak_2025,lit_hamalainen_rankinen_1991
3,8,3,16,27,lit_gijswijt_polak_2025,lit_hamalainen_rankinen_1991;lit_bartoli_davydov_marcugini_pambianco_2020
3,8,4,9,9,lit_keri_ostergard_2003_2006,rule_trivial_upper
3,8,5,3,3,rule_trivial_lower,rule_trivial_upper
3,8,6,3,3,rule_trivial_lower,rule_trivial_upper
3,8,7,3,3,rule_trivial_lower,rule_trivial_upper
3,8,8,1,1,rule_trivial_lower,rule_trivial_upper
3,9,1,1064,1269,lit_gijswijt_polak_2025,lit_di_pasquale_ostergard_2003
3,9,2,132,219,lit_gijswijt_polak_2025,lit_ostergard_1991_and_1992
3,9,3,31,54,lit_gijswijt_polak_2025,lit_ostergard_1991_and_1992
3,9,4,11,18,lit_keri_2008_2009,lit_ostergard_1991_and_1992
3,9,5,6,6,lit_keri_ostergard_2003,rule_trivial_upper
3,9,6,3,3,lit_haas_halupczok_schlage_puchta_2009,rule_trivial_upper
3,9,7,3,3,rule_trivial_lower,rule_trivial_upper
3,9,8,3,3,rule_trivial_lower,rule_trivial_upper
3,10,1,2854,3645,lit_haas_2002,lit_blokhuis_lam_1984
3,10,2,323,555,rule_improved_sphere_covering_bound,lit_bertolo_ostergard_weakly_2004
3,10,3,61,105,lit_gijswijt_polak_2025,lit_bertolo_di_pasquale_santisi_2005_2006
3,10,4,18,36,lit_gijswijt_polak_2025,lit_ostergard_1991_and_1992
3,10,5,9,12,lit_keri_ostergard_2003_2006,rule_trivial_upper
3,10,6,3,3,lit_haas_halupczok_schlage_puchta_2009,rule_trivial_upper
3,10,7,3,3,rule_trivial_lower,rule_trivial_upper
3,10,8,3,3,rule_trivial_lower,rule_trivial_upper
3,11,1,7832,9477,lit_habsieger_plagne_2000,lit_ostergard_1994
3,11,2,729,729,rule_perfect_code,rule_perfect_code
3,11,3,129,243,lit_gijswijt_polak_2025,lit_hamalainen_rankinen_1991
3,11,4,34,81,lit_gijswijt_polak_2025,lit_ostergard_1991_and_1992
3,11,5,12,27,lit_gijswijt_polak_2025,lit_ostergard_1991_and_1992
3,11,6,9,9,lit_keri_ostergard_2003_2006,rule_trivial_upper
3,11,7,3,3,rule_trivial_lower,rule_trivial_upper
3,11,8,3,3,rule_trivial_lower,rule_trivial_upper
3,12,1,21531,27702,lit_habsieger_1996,lit_ostergard_1994
3,12,2,1919,2187,rule_improved_sphere_covering_bound,rule_trivial_upper
3,12,3,282,657,rule_improved_sphere_covering_bound,lit_rivas_soriano_2005_2006_2009
3,12,4,65,175,lit_gijswijt_polak_2025,lit_bertolo_di_pasquale_santisi_2005_2006
3,12,5,21,54,lit_gijswijt_polak_2025,lit_ostergard_1991_and_1992
3,12,6,10,18,lit_keri_2008_2009,lit_ostergard_1991_and_1992
3,12,7,6,6,lit_bhandari_durairajan_1996,rule_trivial_upper
3,12,8,3,3,lit_haas_halupczok_schlage_puchta_2009,rule_trivial_upper
3,13,1,59049,59049,rule_perfect_code,rule_perfect_code
3,13,2,5062,6561,rule_improved_sphere_covering_bound,rule_trivial_upper
3,13,3,640,1215,lit_gijswijt_polak_2025,lit_ostergard_1991_and_1992
3,13,4,130,335,lit_gijswijt_polak_2025,lit_rivas_soriano_2011
3,13,5,37,108,lit_gijswijt_polak_2025,lit_ostergard_1999
3,13,6,14,36,lit_gijswijt_polak_2025,lit_keri_ostergard_2003_2006
3,13,7,9,12,lit_keri_ostergard_2003_2006,rule_trivial_upper
3,13,8,3,3,lit_haas_halupczok_schlage_puchta_2009,rule_trivial_upper
3,14,1,166610,177147,lit_habsieger_plagne_2000,rule_trivial_upper
3,14,2,12323,19683,lit_gijswijt_polak_2025,rule_trivial_upper
3,14,3,1553,2187,rule_improved_sphere_covering_bound,lit_ostergard_1991_and_1992
3,14,4,273,729,lit_gijswijt_polak_2025,lit_ostergard_1991_and_1992
3,14,5,69,243,lit_gijswijt_polak_2025,lit_ostergard_1999
3,14,6,24,81,lit_gijswijt_polak_2025,lit_bhandari_durairajan_1996
3,14,7,11,27,lit_keri_2008_2009,lit_ostergard_1991_and_1992
3,14,8,9,9,lit_keri_ostergard_2003_2006,rule_trivial_upper
4,1,1,1,1,rule_trivial_lower,rule_trivial_upper
4,2,1,4,4,rule_trivial_lower,rule_trivial_upper
4,2,2,1,1,rule_trivial_lower,rule_trivial_upper
4,3,1,8,8,lit_kalbfleisch_stanton_1969,rule_trivial_upper
4,3,2,4,4,lit_kalbfleisch_stanton_1969,rule_trivial_upper
4,3,3,1,1,rule_trivial_lower,rule_trivial_upper
4,4,1,24,24,lit_kalbfleisch_stanton_1969,lit_stanton_horton_kalbfleisch_1969
4,4,2,7,7,lit_cohen_honkala_litsyn_lobstein_1997,lit_ostergard_1994
4,4,3,4,4,rule_trivial_lower,rule_trivial_upper
4,4,4,1,1,rule_trivial_lower,rule_trivial_upper
4,5,1,64,64,rule_hamming_code,rule_hamming_code
4,5,2,16,16,lit_haas_schlage_puchta_quistorff_2008_2009,rule_trivial_upper
4,5,3,4,4,lit_haas_halupczok_schlage_puchta_2009,rule_trivial_upper
4,5,4,4,4,rule_trivial_lower,rule_trivial_upper
4,5,5,1,1,rule_trivial_lower,rule_trivial_upper
4,6,1,228,256,rule_improved_sphere_covering_bound,rule_trivial_upper
4,6,2,33,52,lit_gijswijt_polak_2025,lit_ostergard_1999
4,6,3,11,14,lit_haas_schlage_puchta_quistorff_2008_2009,lit_bertolo_di_pasquale_santisi_2004_2006
4,6,4,4,4,rule_trivial_lower,rule_trivial_upper
4,6,5,4,4,rule_trivial_lower,rule_trivial_upper
4,6,6,1,1,rule_trivial_lower,rule_trivial_upper
4,7,1,776,992,lit_gijswijt_polak_2025,lit_bertolo_di_pasquale_santisi_2004_2006
4,7,2,88,128,lit_gijswijt_polak_2025,lit_ostergard_1999
4,7,3,19,32,lit_haas_halupczok_schlage_puchta_2009,lit_ostergard_1991
4,7,4,9,10,lit_haas_schlage_puchta_quistorff_2008_2009,lit_rivas_soriano_2006_2008
4,7,5,4,4,rule_trivial_lower,rule_trivial_upper
4,7,6,4,4,rule_trivial_lower,rule_trivial_upper
4,7,7,1,1,rule_trivial_lower,rule_trivial_upper
4,8,1,2731,3456,rule_improved_sphere_covering_bound,lit_ostergard_1999
4,8,2,251,352,lit_gijswijt_polak_2025,lit_bertolo_di_pasquale_santisi_2004_2006
4,8,3,46,96,lit_gijswijt_polak_2025,lit_ostergard_1991
4,8,4,13,28,lit_keri_2008,lit_ostergard_1991
4,8,5,8,8,lit_keri_ostergard_2003,rule_trivial_upper
4,8,6,4,4,lit_haas_halupczok_schlage_puchta_2009,rule_trivial_upper
4,8,7,4,4,rule_trivial_lower,rule_trivial_upper
4,8,8,1,1,rule_trivial_lower,rule_trivial_upper
4,9,1,9368,12288,lit_lang_quistorff_schneider_2006,lit_ostergard_1999
4,9,2,775,1024,lit_gijswijt_polak_2025,lit_ostergard_1999
4,9,3,116,256,lit_gijswijt_polak_2025,lit_ostergard_1991;lit_bartoli_davydov_marcugini_pambianco_2020
4,9,4,27,64,lit_gijswijt_polak_2025,lit_ostergard_1991
4,9,5,10,16,lit_haas_halupczok_schlage_puchta_2009,rule_trivial_upper
4,9,6,4,4,lit_haas_halupczok_schlage_puchta_2009,rule_trivial_upper
4,9,7,4,4,rule_trivial_lower,rule_trivial_upper
4,9,8,4,4,rule_trivial_lower,rule_trivial_upper
4,10,1,34953,49152,rule_improved_sphere_covering_bound,rule_trivial_upper
4,10,2,2460,4096,lit_gijswijt_polak_2025,rule_trivial_upper
4,10,3,313,832,rule_improved_sphere_covering_bound,lit_bertolo_di_pasquale_santisi_2004_2006
4,10,4,62,208,lit_gijswijt_polak_2025,lit_ostergard_1999
4,10,5,18,54,lit_haas_halupczok_schlage_puchta_2009,lit_rivas_soriano_2006_2008
4,10,6,8,16,lit_keri_ostergard_2003,rule_trivial_upper
4,10,7,4,4,rule_trivial_lower,rule_trivial_upper
4,10,8,4,4,rule_trivial_lower,rule_trivial_upper
4,11,1,124941,131072,lit_gijswijt_polak_2025,lit_valinen_2002
4,11,2,8072,15872,lit_gijswijt_polak_2025,lit_bertolo_di_pasquale_santisi_2004_2006
4,11,3,885,2048,lit_gijswijt_polak_2025,lit_bertolo_di_pasquale_santisi_2004_2006
4,11,4,150,512,lit_gijswijt_polak_2025,rule_amalgamated_direct_sum
4,11,5,37,128,lit_gijswijt_polak_2025,rule_amalgamated_direct_sum
4,11,6,14,32,lit_haas_halupczok_schlage_puchta_2009,rule_amalgamated_direct_sum
4,11,7,8,11,lit_keri_ostergard_2003,lit_rivas_soriano_2006_2008
4,11,8,4,4,rule_trivial_lower,rule_trivial_upper
5,1,1,1,1,rule_trivial_lower,rule_trivial_upper
5,2,1,5,5,rule_trivial_lower,rule_trivial_upper
5,2,2,1,1,rule_trivial_lower,rule_trivial_upper
5,3,1,13,13,lit_kalbfleisch_stanton_1969,rule_trivial_upper
5,3,2,5,5,lit_kalbfleisch_stanton_1969,rule_trivial_upper
5,3,3,1,1,rule_trivial_lower,rule_trivial_upper
5,4,1,46,51,lit_kamps_van_lint_1970,lit_stanton_horton_kalbfleisch_1969
5,4,2,11,11,lit_haas_schlage_puchta_quistorff_2008_2009,lit_ostergard_1994
5,4,3,5,5,rule_trivial_lower,rule_trivial_upper
5,4,4,1,1,rule_trivial_lower,rule_trivial_upper
5,5,1,162,184,lit_gijswijt_polak_2025,lit_stanton_horton_kalbfleisch_1969
5,5,2,22,35,lit_haas_halupczok_schlage_puchta_2009,lit_ostergard_1991
5,5,3,9,9,lit_haas_schlage_puchta_quistorff_2008_2009,lit_haas_schlage_puchta_quistorff_2008_2009
5,5,4,5,5,rule_trivial_lower,rule_trivial_upper
5,5,5,1,1,rule_trivial_lower,rule_trivial_upper
5,6,1,625,625,rule_hamming_code,rule_hamming_code
5,6,2,71,125,lit_haas_halupczok_schlage_puchta_2009,lit_ostergard_1991
5,6,3,16,25,lit_haas_halupczok_schlage_puchta_2009,lit_ostergard_1991
5,6,4,5,5,rule_trivial_lower,rule_trivial_upper
5,6,5,5,5,rule_trivial_lower,rule_trivial_upper
5,6,6,1,1,rule_trivial_lower,rule_trivial_upper
5,7,1,2765,3125,lit_gijswijt_polak_2025,rule_trivial_upper
5,7,2,236,525,lit_gijswijt_polak_2025,lit_ostergard_1999
5,7,3,38,100,lit_haas_halupczok_schlage_puchta_2009,lit_gommard_plagne_2003
5,7,4,12,21,lit_haas_halupczok_schlage_puchta_2009,lit_rivas_soriano_2006_2008
5,7,5,5,5,rule_trivial_lower,rule_trivial_upper
5,7,6,5,5,rule_trivial_lower,rule_trivial_upper
5,7,7,1,1,rule_trivial_lower,rule_trivial_upper
5,8,1,12134,15625,lit_gijswijt_polak_2025,rule_trivial_upper
5,8,2,861,1625,lit_gijswijt_polak_2025,lit_rivas_soriano_2006_2008
5,8,3,111,325,lit_gijswijt_polak_2025,lit_bhandari_durairajan_1996
5,8,4,25,65,lit_haas_halupczok_schlage_puchta_2009,lit_bhandari_durairajan_1996
5,8,5,11,15,lit_haas_schlage_puchta_quistorff_2008_2009,lit_rivas_soriano_2006_2008
5,8,6,5,5,rule_trivial_lower,rule_trivial_upper
5,8,7,5,5,rule_trivial_lower,rule_trivial_upper
5,8,8,1,1,rule_trivial_lower,rule_trivial_upper
5,9,1,53896,78125,lit_gijswijt_polak_2025,rule_trivial_upper
5,9,2,3367,6375,rule_improved_sphere_covering_bound,lit_rivas_soriano_2006_2008
5,9,3,354,1275,lit_gijswijt_polak_2025,lit_bhandari_durairajan_1996
5,9,4,64,255,lit_haas_halupczok_schlage_puchta_2009,lit_bhandari_durairajan_1996
5,9,5,19,55,lit_haas_halupczok_schlage_puchta_2009,lit_bhandari_durairajan_1996
5,9,6,10,12,lit_haas_schlage_puchta_quistorff_2008_2009,lit_rivas_soriano_2006_2008
5,9,7,5,5,rule_trivial_lower,rule_trivial_upper
5,9,8,5,5,rule_trivial_lower,rule_trivial_upper
5,10,1,241122,390625,lit_gijswijt_polak_2025,rule_trivial_upper
5,10,2,13161,23000,rule_improved_sphere_covering_bound,lit_rivas_soriano_2006_2008
5,10,3,1215,3125,lit_gijswijt_polak_2025,lit_davydov_ostergard_2000;lit_bartoli_davydov_marcugini_pambianco_2020
5,10,4,177,875,lit_gijswijt_polak_2025,lit_bhandari_durairajan_1996
5,10,5,41,175,lit_haas_halupczok_schlage_puchta_2009,lit_bhandari_durairajan_1996
5,10,6,16,45,lit_haas_halupczok_schlage_puchta_2009,lit_bhandari_durairajan_1996
5,10,7,9,9,lit_haas_schlage_puchta_quistorff_2008_2009,rule_trivial_upper
5,10,8,5,5,rule_improved_sphere_covering_bound,rule_trivial_upper
5,11,1,1087416,1525877,rule_improved_sphere_covering_bound,rule_known_smaller_q_bound
5,11,2,53309,78125,lit_gijswijt_polak_2025,lit_rivas_soriano_2006_2008
5,11,3,4366,15625,lit_gijswijt_polak_2025,lit_rivas_soriano_2006_2008
5,11,4,546,3125,lit_gijswijt_polak_2025,lit_bhandari_durairajan_1996
5,11,5,103,625,lit_haas_halupczok_schlage_puchta_2009,lit_bhandari_durairajan_1996
5,11,6,29,125,lit_haas_halupczok_schlage_puchta_2009,lit_bhandari_durairajan_1996
5,11,7,12,25,lit_haas_halupczok_schlage_puchta_2009,lit_bhandari_durairajan_1996
5,11,8,5,5,rule_trivial_lower,rule_trivial_upper
6,1,1,1,1,rule_trivial_lower,rule_trivial_upper
6,2,1,6,6,rule_trivial_lower,rule_trivial_upper
6,2,2,1,1,rule_trivial_lower,rule_trivial_upper
6,3,1,18,18,lit_kalbfleisch_stanton_1969,rule_trivial_upper
6,3,2,6,6,lit_kalbfleisch_stanton_1969,rule_trivial_upper
6,3,3,1,1,rule_trivial_lower,rule_trivial_upper
6,4,1,72,72,lit_blokhuis_lam_1984,lit_blokhuis_lam_1984
6,4,2,15,15,lit_haas_schlage_puchta_quistorff_2008_2009,lit_keri_ostergard_2005
6,4,3,6,6,rule_trivial_lower,rule_trivial_upper
6,4,4,1,1,rule_trivial_lower,rule_trivial_upper
6,5,1,330,414,lit_quistorff_2001,rule_adjoint_code_constructions
6,5,2,36,66,lit_haas_halupczok_schlage_puchta_2009,lit_keri_ostergard_2005
6,5,3,12,12,lit_haas_schlage_puchta_quistorff_2008_2009,lit_rivas_soriano_2005_2008
6,5,4,6,6,rule_trivial_lower,rule_trivial_upper
6,5,5,1,1,rule_trivial_lower,rule_trivial_upper
6,6,1,1578,1840,lit_quistorff_2001,rule_adjoint_code_constructions
6,6,2,133,274,lit_haas_halupczok_schlage_puchta_2009,lit_rivas_soriano_2005_2008
6,6,3,24,41,lit_haas_halupczok_schlage_puchta_2009,lit_rivas_soriano_2005_2008
6,6,4,10,10,lit_haas_schlage_puchta_quistorff_2008_2009,lit_haas_schlage_puchta_quistorff_2008_2009
6,6,5,6,6,rule_trivial_lower,rule_trivial_upper
6,6,6,1,1,rule_trivial_lower,rule_trivial_upper
6,7,1,7777,11040,rule_nonexistence_perfect_code,rule_length_monotonicity
6,7,2,528,1296,rule_improved_sphere_covering_bound,rule_direct_sum
6,7,3,70,246,lit_haas_halupczok_schlage_puchta_2009,rule_length_monotonicity
6,7,4,18,36,lit_haas_halupczok_schlage_puchta_2009,lit_keri_ostergard_2005
6,7,5,6,6,rule_trivial_lower,rule_trivial_upper
6,7,6,6,6,rule_trivial_lower,rule_trivial_upper
6,7,7,1,1,rule_trivial_lower,rule_trivial_upper
6,8,1,41991,62208,rule_improved_sphere_covering_bound,rule_q_ary_lifting
6,8,2,2276,5184,rule_improved_sphere_covering_bound,rule_direct_sum
6,8,3,246,1080,lit_haas_halupczok_schlage_puchta_2009,rule_direct_sum
6,8,4,46,216,lit_haas_halupczok_schlage_puchta_2009,rule_length_monotonicity
6,8,5,15,30,lit_haas_halupczok_schlage_puchta_2009,lit_keri_2009
6,8,6,6,6,rule_trivial_lower,rule_trivial_upper
6,8,7,6,6,rule_trivial_lower,rule_trivial_upper
6,8,8,1,1,rule_trivial_lower,rule_trivial_upper
6,9,1,219096,324864,lit_haas_2000,rule_q_ary_lifting
6,9,2,10900,29808,rule_improved_sphere_covering_bound,rule_direct_sum
6,9,3,921,4752,rule_improved_sphere_covering_bound,rule_direct_sum
6,9,4,136,738,lit_haas_halupczok_schlage_puchta_2009,rule_direct_sum
6,9,5,32,144,lit_haas_halupczok_schlage_puchta_2009,rule_q_ary_lifting
6,9,6,12,22,lit_haas_schlage_puchta_quistorff_2008_2009,rule_trivial_upper
6,9,7,6,6,rule_nonexistence_perfect_code,rule_trivial_upper
6,9,8,6,6,rule_trivial_lower,rule_trivial_upper
6,10,1,1209324,1866240,rule_improved_sphere_covering_bound,rule_q_ary_lifting
6,10,2,53463,132480,rule_improved_sphere_covering_bound,rule_direct_sum
6,10,3,3815,19347,rule_improved_sphere_covering_bound,rule_known_smaller_q_bound
6,10,4,417,2952,lit_lang_quistorff_schneider_2006_2007,rule_direct_sum
6,10,5,83,615,lit_haas_halupczok_schlage_puchta_2009,rule_direct_sum
6,10,6,25,72,lit_haas_halupczok_schlage_puchta_2009,lit_keri_ostergard_2005
6,10,7,12,18,lit_haas_schlage_puchta_quistorff_2008_2009,rule_trivial_upper
6,10,8,6,6,lit_quistorff_2001,rule_trivial_upper
7,1,1,1,1,rule_trivial_lower,rule_trivial_upper
7,2,1,7,7,rule_trivial_lower,rule_trivial_upper
7,2,2,1,1,rule_trivial_lower,rule_trivial_upper
7,3,1,25,25,lit_kalbfleisch_stanton_1969,rule_trivial_upper
7,3,2,7,7,lit_kalbfleisch_stanton_1969,rule_trivial_upper
7,3,3,1,1,rule_trivial_lower,rule_trivial_upper
7,4,1,115,123,lit_rodemich_1970,rule_adjoint_code_constructions
7,4,2,17,19,lit_rodemich_1970,lit_keri_ostergard_2005
7,4,3,7,7,rule_trivial_lower,rule_trivial_upper
7,4,4,1,1,rule_trivial_lower,rule_trivial_upper
7,5,1,606,769,lit_quistorff_2001,rule_adjoint_code_constructions
7,5,2,55,97,lit_haas_halupczok_schlage_puchta_2009,lit_keri_ostergard_2005
7,5,3,15,17,lit_haas_schlage_puchta_quistorff_2008_2009,lit_rivas_soriano_2005_2008
7,5,4,7,7,rule_trivial_lower,rule_trivial_upper
7,5,5,1,1,rule_trivial_lower,rule_trivial_upper
7,6,1,3412,4435,lit_quistorff_2001,rule_adjoint_code_constructions
7,6,2,233,343,lit_haas_halupczok_schlage_puchta_2009,rule_linear_code
7,6,3,36,77,lit_haas_halupczok_schlage_puchta_2009,lit_rivas_soriano_2005_2008
7,6,4,13,15,lit_haas_schlage_puchta_quistorff_2008_2009,lit_keri_ostergard_2005
7,6,5,7,7,rule_trivial_lower,rule_trivial_upper
7,6,6,1,1,rule_trivial_lower,rule_trivial_upper
7,7,1,19818,31045,lit_quistorff_2001,rule_length_monotonicity
7,7,2,1035,2401,lit_chen_honkala_1990,rule_length_monotonicity
7,7,3,127,343,lit_haas_halupczok_schlage_puchta_2009,rule_radius_length_monotonicity;lit_bartoli_davydov_marcugini_pambianco_2020
7,7,4,25,49,lit_haas_halupczok_schlage_puchta_2009,rule_linear_code
7,7,5,11,11,lit_haas_schlage_puchta_quistorff_2008_2009,lit_haas_schlage_puchta_quistorff_2008_2009
7,7,6,7,7,rule_trivial_lower,rule_trivial_upper
7,7,7,1,1,rule_trivial_lower,rule_trivial_upper
7,8,1,117649,117649,rule_hamming_code,rule_hamming_code
7,8,2,5457,15129,lit_chen_honkala_1990,rule_direct_sum
7,8,3,457,2337,rule_improved_sphere_covering_bound,rule_direct_sum
7,8,4,76,343,lit_haas_halupczok_schlage_puchta_2009,rule_radius_length_monotonicity
7,8,5,20,49,lit_haas_halupczok_schlage_puchta_2009,rule_radius_length_monotonicity
7,8,6,7,7,rule_trivial_lower,rule_trivial_upper
7,8,7,7,7,rule_trivial_lower,rule_trivial_upper
7,8,8,1,1,rule_trivial_lower,rule_trivial_upper
7,9,1,733726,823543,lit_haas_2000,rule_length_monotonicity
7,9,2,29889,94587,lit_lang_quistorff_schneider_2006_2007,rule_direct_sum
7,9,3,2077,8575,rule_improved_sphere_covering_bound,rule_direct_sum
7,9,4,264,1843,lit_haas_halupczok_schlage_puchta_2009,rule_direct_sum
7,9,5,52,323,lit_haas_halupczok_schlage_puchta_2009,rule_direct_sum
7,9,6,17,37,lit_haas_halupczok_schlage_puchta_2009,lit_keri_ostergard_2005
7,9,7,7,7,rule_trivial_lower,rule_trivial_upper
7,9,8,7,7,rule_trivial_lower,rule_trivial_upper
7,10,1,4630843,5764801,lit_haas_2000,rule_length_monotonicity
7,10,2,168042,420175,lit_chen_honkala_1990,lit_rivas_soriano_2005_2008
7,10,3,10577,42189,rule_improved_sphere_covering_bound,rule_direct_sum
7,10,4,1007,6517,rule_improved_sphere_covering_bound,rule_direct_sum
7,10,5,160,1225,lit_haas_halupczok_schlage_puchta_2009,rule_direct_sum
7,10,6,39,175,lit_haas_halupczok_schlage_puchta_2009,lit_ostergard_1999
7,10,7,15,33,lit_haas_schlage_puchta_quistorff_2008_2009,lit_keri_2009
7,10,8,7,7,rule_trivial_lower,rule_trivial_upper
8,1,1,1,1,rule_trivial_lower,rule_trivial_upper
8,2,1,8,8,rule_trivial_lower,rule_trivial_upper
8,2,2,1,1,rule_trivial_lower,rule_trivial_upper
8,3,1,32,32,lit_kalbfleisch_stanton_1969,rule_trivial_upper
8,3,2,8,8,lit_kalbfleisch_stanton_1969,rule_trivial_upper
8,3,3,1,1,rule_trivial_lower,rule_trivial_upper
8,4,1,171,192,lit_rodemich_1970,rule_adjoint_code_constructions
8,4,2,22,23,lit_rodemich_1970,lit_keri_ostergard_2005
8,4,3,8,8,rule_trivial_lower,rule_trivial_upper
8,4,4,1,1,rule_trivial_lower,rule_trivial_upper
8,5,1,1024,1024,lit_blokhuis_lam_1984,lit_blokhuis_lam_1984
8,5,2,83,128,lit_haas_halupczok_schlage_puchta_2009,lit_keri_ostergard_2005
8,5,3,17,22,lit_rodemich_1970,lit_rivas_soriano_2005_2008
8,5,4,8,8,rule_trivial_lower,rule_trivial_upper
8,5,5,1,1,rule_trivial_lower,rule_trivial_upper
8,6,1,6626,8192,lit_quistorff_2001,rule_length_monotonicity
8,6,2,382,512,lit_haas_halupczok_schlage_puchta_2009,rule_linear_code
8,6,3,52,107,lit_haas_halupczok_schlage_puchta_2009,lit_rivas_soriano_2005_2008
8,6,4,15,20,lit_haas_schlage_puchta_quistorff_2008_2009,lit_keri_ostergard_2005
8,6,5,8,8,rule_trivial_lower,rule_trivial_upper
8,6,6,1,1,rule_trivial_lower,rule_trivial_upper
8,7,1,44237,63488,lit_quistorff_2001,rule_q_ary_lifting
8,7,2,1984,4096,rule_improved_sphere_covering_bound,rule_length_monotonicity
8,7,3,196,512,lit_haas_halupczok_schlage_puchta_2009,rule_radius_length_monotonicity;lit_bartoli_davydov_marcugini_pambianco_2020
8,7,4,37,92,lit_haas_halupczok_schlage_puchta_2009,lit_keri_ostergard_2005
8,7,5,14,16,lit_haas_schlage_puchta_quistorff_2008_2009,lit_keri_ostergard_2005
8,7,6,8,8,rule_trivial_lower,rule_trivial_upper
8,7,7,1,1,rule_trivial_lower,rule_trivial_upper
8,8,1,302036,342272,lit_quistorff_2001,rule_adjoint_code_constructions
8,8,2,11766,29920,rule_improved_sphere_covering_bound,rule_q_ary_lifting
8,8,3,829,4096,rule_improved_sphere_covering_bound,rule_radius_length_monotonicity
8,8,4,118,512,lit_haas_halupczok_schlage_puchta_2009,rule_radius_length_monotonicity
8,8,5,29,90,lit_haas_halupczok_schlage_puchta_2009,lit_keri_2009
8,8,6,12,12,lit_haas_schlage_puchta_quistorff_2008_2009,lit_haas_schlage_puchta_quistorff_2008_2009
8,8,7,8,8,rule_trivial_lower,rule_trivial_upper
8,8,8,1,1,rule_trivial_lower,rule_trivial_upper
8,9,1,2097152,2097152,rule_hamming_code,rule_hamming_code
8,9,2,75783,174080,rule_improved_sphere_covering_bound,rule_q_ary_lifting
8,9,3,4523,16384,rule_improved_sphere_covering_bound,rule_direct_sum
8,9,4,409,2944,lit_lang_quistorff_schneider_2006_2007,rule_direct_sum
8,9,5,80,384,lit_haas_halupczok_schlage_puchta_2009,rule_q_ary_lifting
8,9,6,22,48,lit_haas_halupczok_schlage_puchta_2009,lit_keri_ostergard_2005
8,9,7,8,8,rule_trivial_lower,rule_trivial_upper
8,9,8,8,8,rule_trivial_lower,rule_trivial_upper
8,10,1,15339169,16777216,rule_improved_sphere_covering_bound,rule_length_monotonicity
8,10,2,478586,1048576,rule_improved_sphere_covering_bound,rule_direct_sum
8,10,3,25767,98304,rule_improved_sphere_covering_bound,rule_direct_sum
8,10,4,2045,11776,rule_improved_sphere_covering_bound,rule_direct_sum
8,10,5,287,2461,lit_haas_halupczok_schlage_puchta_2009,rule_direct_sum
8,10,6,58,342,lit_haas_halupczok_schlage_puchta_2009,lit_keri_ostergard_2005
8,10,7,20,44,lit_haas_halupczok_schlage_puchta_2009,lit_keri_2009
8,10,8,8,8,rule_trivial_lower,rule_trivial_upper
9,1,1,1,1,rule_trivial_lower,rule_trivial_upper
9,2,1,9,9,rule_trivial_lower,rule_trivial_upper
9,2,2,1,1,rule_trivial_lower,rule_trivial_upper
9,3,1,41,41,lit_kalbfleisch_stanton_1969,rule_trivial_upper
9,3,2,9,9,lit_kalbfleisch_stanton_1969,rule_trivial_upper
9,3,3,1,1,rule_trivial_lower,rule_trivial_upper
9,4,1,243,243,lit_blokhuis_lam_1984,lit_blokhuis_lam_1984
9,4,2,27,27,lit_rodemich_1970,lit_keri_ostergard_2005
9,4,3,9,9,rule_trivial_lower,rule_trivial_upper
9,4,4,1,1,rule_trivial_lower,rule_trivial_upper
9,5,1,1641,1809,lit_rodemich_1970,rule_adjoint_code_constructions
9,5,2,113,189,lit_haas_halupczok_schlage_puchta_2009,lit_keri_ostergard_2005
9,5,3,21,27,lit_rodemich_1970,rule_radius_length_monotonicity
9,5,4,9,9,rule_trivial_lower,rule_trivial_upper
9,5,5,1,1,rule_trivial_lower,rule_trivial_upper
9,6,1,11877,16010,lit_quistorff_2001,rule_adjoint_code_constructions
9,6,2,585,729,lit_haas_halupczok_schlage_puchta_2009,rule_linear_code
9,6,3,71,147,lit_haas_halupczok_schlage_puchta_2009,lit_rivas_soriano_2005_2008
9,6,4,18,24,lit_haas_schlage_puchta_quistorff_2008_2009,rule_trivial_upper
9,6,5,9,9,rule_nonexistence_perfect_code,rule_trivial_upper
9,6,6,1,1,rule_trivial_lower,rule_trivial_upper
9,7,1,89526,135594,lit_quistorff_2001,rule_q_ary_lifting
9,7,2,3536,6561,rule_improved_sphere_covering_bound,rule_length_monotonicity
9,7,3,308,729,lit_haas_halupczok_schlage_puchta_2009,rule_radius_length_monotonicity;lit_bartoli_davydov_marcugini_pambianco_2020
9,7,4,51,120,lit_haas_halupczok_schlage_puchta_2009,lit_keri_ostergard_2005
9,7,5,16,21,lit_haas_schlage_puchta_quistorff_2008_2009,lit_keri_ostergard_2005
9,7,6,9,9,rule_trivial_lower,rule_trivial_upper
9,7,7,1,1,rule_trivial_lower,rule_trivial_upper
9,8,1,690377,875259,lit_quistorff_2001,rule_adjoint_code_constructions
9,8,2,23184,59049,lit_chen_honkala_1990,rule_length_monotonicity
9,8,3,1413,6561,lit_chen_honkala_1990,rule_radius_length_monotonicity
9,8,4,181,729,lit_haas_halupczok_schlage_puchta_2009,rule_radius_length_monotonicity
9,8,5,39,120,lit_haas_halupczok_schlage_puchta_2009,rule_radius_length_monotonicity
9,8,6,15,17,lit_haas_schlage_puchta_quistorff_2008_2009,lit_keri_ostergard_2005
9,8,7,9,9,rule_trivial_lower,rule_trivial_upper
9,8,8,1,1,rule_trivial_lower,rule_trivial_upper
9,9,1,5415428,6053198,lit_quistorff_2001,rule_adjoint_code_constructions
9,9,2,165310,439587,rule_improved_sphere_covering_bound,rule_direct_sum
9,9,3,8544,29889,rule_improved_sphere_covering_bound,rule_direct_sum
9,9,4,703,5103,lit_lang_quistorff_schneider_2006_2007,rule_direct_sum
9,9,5,120,729,lit_haas_halupczok_schlage_puchta_2009,rule_radius_length_monotonicity
9,9,6,31,81,lit_haas_halupczok_schlage_puchta_2009,lit_rivas_soriano_2005_2008
9,9,7,13,13,lit_haas_schlage_puchta_quistorff_2008_2009,lit_haas_schlage_puchta_quistorff_2008_2009
9,9,8,9,9,rule_trivial_lower,rule_trivial_upper
9,10,1,43046721,43046721,rule_hamming_code,rule_hamming_code
9,10,2,1206918,3272481,rule_improved_sphere_covering_bound,rule_direct_sum
9,10,3,54144,177147,lit_chen_honkala_1990,rule_direct_sum
9,10,4,3872,19683,rule_improved_sphere_covering_bound,rule_direct_sum
9,10,5,481,3969,lit_haas_halupczok_schlage_puchta_2009,rule_direct_sum
9,10,6,87,477,lit_haas_halupczok_schlage_puchta_2009,lit_keri_ostergard_2005
9,10,7,25,77,lit_haas_halupczok_schlage_puchta_2009,lit_keri_2009
9,10,8,9,9,rule_trivial_lower,rule_trivial_upper
10,1,1,1,1,rule_trivial_lower,rule_trivial_upper
10,2,1,10,10,rule_trivial_lower,rule_trivial_upper
10,2,2,1,1,rule_trivial_lower,rule_trivial_upper
10,3,1,50,50,lit_kalbfleisch_stanton_1969,rule_trivial_upper
10,3,2,10,10,lit_kalbfleisch_stanton_1969,rule_trivial_upper
10,3,3,1,1,rule_trivial_lower,rule_trivial_upper
10,4,1,334,352,lit_rodemich_1970,rule_adjoint_code_constructions
10,4,2,34,34,lit_rodemich_1970,lit_keri_ostergard_2005
10,4,3,10,10,rule_trivial_lower,rule_trivial_upper
10,4,4,1,1,rule_trivial_lower,rule_trivial_upper
10,5,1,2501,2944,lit_rodemich_1970,rule_adjoint_code_constructions
10,5,2,149,250,lit_haas_halupczok_schlage_puchta_2009,lit_keri_ostergard_2005
10,5,3,26,32,lit_rodemich_1970,lit_rivas_soriano_2005_2008
10,5,4,10,10,rule_trivial_lower,rule_trivial_upper
10,5,5,1,1,rule_trivial_lower,rule_trivial_upper
10,6,1,20000,20000,lit_blokhuis_lam_1984,lit_blokhuis_lam_1984
10,6,2,890,1350,lit_haas_halupczok_schlage_puchta_2009,lit_rivas_soriano_2005_2008
10,6,3,92,209,lit_haas_halupczok_schlage_puchta_2009,lit_rivas_soriano_2005_2008
10,6,4,21,28,lit_rodemich_1970,rule_trivial_upper
10,6,5,10,10,rule_nonexistence_perfect_code,rule_trivial_upper
10,6,6,1,1,rule_trivial_lower,rule_trivial_upper
10,7,1,167925,200000,lit_quistorff_2001,rule_length_monotonicity
10,7,2,5676,13500,rule_improved_sphere_covering_bound,rule_length_monotonicity
10,7,3,451,1350,lit_haas_halupczok_schlage_puchta_2009,rule_radius_length_monotonicity
10,7,4,66,168,lit_haas_halupczok_schlage_puchta_2009,lit_keri_ostergard_2005
10,7,5,19,26,lit_haas_schlage_puchta_quistorff_2008_2009,lit_keri_ostergard_2005
10,7,6,10,10,rule_trivial_lower,rule_trivial_upper
10,7,7,1,1,rule_trivial_lower,rule_trivial_upper
10,8,1,1442623,2000000,lit_quistorff_2001,rule_length_monotonicity
10,8,2,42772,123904,rule_improved_sphere_covering_bound,rule_direct_sum
10,8,3,2415,11968,rule_improved_sphere_covering_bound,rule_direct_sum
10,8,4,265,1156,lit_haas_halupczok_schlage_puchta_2009,rule_direct_sum
10,8,5,48,168,lit_haas_halupczok_schlage_puchta_2009,rule_radius_length_monotonicity
10,8,6,17,22,lit_haas_schlage_puchta_quistorff_2008_2009,lit_keri_ostergard_2005
10,8,7,10,10,rule_trivial_lower,rule_trivial_upper
10,8,8,1,1,rule_trivial_lower,rule_trivial_upper
10,9,1,12608696,15614398,lit_quistorff_2001,rule_adjoint_code_constructions
10,9,2,333560,1000000,lit_chen_honkala_1990,rule_direct_sum
10,9,3,15959,67500,rule_improved_sphere_covering_bound,rule_direct_sum
10,9,4,1130,8500,lit_lang_quistorff_schneider_2006_2007,rule_direct_sum
10,9,5,174,1088,lit_haas_halupczok_schlage_puchta_2009,rule_direct_sum
10,9,6,39,114,lit_haas_halupczok_schlage_puchta_2009,lit_rivas_soriano_2005_2008
10,9,7,16,18,lit_haas_schlage_puchta_quistorff_2008_2009,lit_keri_ostergard_2005
10,9,8,10,10,rule_trivial_lower,rule_trivial_upper
10,10,1,111688312,123456288,lit_quistorff_2001,rule_adjoint_code_constructions
10,10,2,2676660,7040000,rule_sphere_covering_bound,rule_direct_sum
10,10,3,110867,475200,rule_improved_sphere_covering_bound,rule_direct_sum
10,10,4,6886,45900,rule_improved_sphere_covering_bound,rule_direct_sum
10,10,5,632,7106,rule_improved_sphere_covering_bound,rule_direct_sum
10,10,6,122,826,lit_haas_halupczok_schlage_puchta_2009,lit_keri_ostergard_2005
10,10,7,33,110,lit_haas_halupczok_schlage_puchta_2009,lit_keri_2009
10,10,8,14,14,lit_haas_schlage_puchta_quistorff_2008_2009,lit_haas_schlage_puchta_quistorff_2008_2009
11,1,1,1,1,rule_trivial_lower,rule_trivial_upper
11,2,1,11,11,rule_trivial_lower,rule_trivial_upper
11,2,2,1,1,rule_trivial_lower,rule_trivial_upper
11,3,1,61,61,lit_kalbfleisch_stanton_1969,rule_trivial_upper
11,3,2,11,11,lit_kalbfleisch_stanton_1969,rule_trivial_upper
11,3,3,1,1,rule_trivial_lower,rule_trivial_upper
11,4,1,444,485,lit_rodemich_1970,rule_adjoint_code_constructions
11,4,2,41,41,lit_rodemich_1970,lit_keri_ostergard_2005
11,4,3,11,11,rule_trivial_lower,rule_trivial_upper
11,4,4,1,1,rule_trivial_lower,rule_trivial_upper
11,5,1,3661,4309,lit_rodemich_1970,rule_adjoint_code_constructions
11,5,2,208,365,lit_haas_halupczok_schlage_puchta_2009,lit_rivas_soriano_2005_2008
11,5,3,31,38,lit_rodemich_1970,lit_rivas_soriano_2005_2008
11,5,4,11,11,rule_trivial_lower,rule_trivial_upper
11,5,5,1,1,rule_trivial_lower,rule_trivial_upper
11,6,1,32211,35315,lit_rodemich_1970,rule_adjoint_code_constructions
11,6,2,1276,2343,lit_haas_halupczok_schlage_puchta_2009,lit_rivas_soriano_2005_2008
11,6,3,119,275,lit_haas_halupczok_schlage_puchta_2009,lit_rivas_soriano_2005_2008
11,6,4,25,33,lit_rodemich_1970,rule_trivial_upper
11,6,5,11,11,rule_nonexistence_perfect_code,rule_trivial_upper
11,6,6,1,1,rule_trivial_lower,rule_trivial_upper
11,7,1,296388,388465,lit_quistorff_2001,rule_length_monotonicity
11,7,2,9106,14641,rule_improved_sphere_covering_bound,rule_linear_code
11,7,3,636,2343,lit_haas_halupczok_schlage_puchta_2009,rule_radius_length_monotonicity
11,7,4,84,216,lit_haas_halupczok_schlage_puchta_2009,lit_keri_ostergard_2005
11,7,5,22,31,lit_haas_schlage_puchta_quistorff_2008_2009,lit_keri_ostergard_2005
11,7,6,11,11,rule_trivial_lower,rule_trivial_upper
11,7,7,1,1,rule_trivial_lower,rule_trivial_upper
11,8,1,2806050,4198148,lit_quistorff_2001,rule_adjoint_code_constructions
11,8,2,74415,161051,lit_lang_quistorff_schneider_2006_2007,rule_length_monotonicity
11,8,3,3732,14641,rule_improved_sphere_covering_bound,rule_radius_length_monotonicity;lit_bartoli_davydov_marcugini_pambianco_2020
11,8,4,374,1681,lit_haas_halupczok_schlage_puchta_2009,rule_direct_sum
11,8,5,64,216,lit_haas_halupczok_schlage_puchta_2009,rule_radius_length_monotonicity
11,8,6,20,27,lit_haas_schlage_puchta_quistorff_2008_2009,lit_keri_ostergard_2005
11,8,7,11,11,rule_trivial_lower,rule_trivial_upper
11,8,8,1,1,rule_trivial_lower,rule_trivial_upper
12,1,1,1,1,rule_trivial_lower,rule_trivial_upper
12,2,1,12,12,rule_trivial_lower,rule_trivial_upper
12,2,2,1,1,rule_trivial_lower,rule_trivial_upper
12,3,1,72,72,lit_kalbfleisch_stanton_1969,rule_trivial_upper
12,3,2,12,12,lit_kalbfleisch_stanton_1969,rule_trivial_upper
12,3,3,1,1,rule_trivial_lower,rule_trivial_upper
12,4,1,576,576,lit_blokhuis_lam_1984,lit_blokhuis_lam_1984
12,4,2,48,48,lit_rodemich_1970,lit_keri_ostergard_2005
12,4,3,12,12,rule_trivial_lower,rule_trivial_upper
12,4,4,1,1,rule_trivial_lower,rule_trivial_upper
12,5,1,5184,5184,lit_blokhuis_lam_1984,lit_blokhuis_lam_1984
12,5,2,256,468,lit_haas_halupczok_schlage_puchta_2009,lit_keri_ostergard_2005
12,5,3,37,43,lit_rodemich_1970,lit_keri_2009
12,5,4,12,12,rule_trivial_lower,rule_trivial_upper
12,5,5,1,1,rule_trivial_lower,rule_trivial_upper
12,6,1,49767,58880,lit_rodemich_1970,rule_adjoint_code_constructions
12,6,2,1764,3884,lit_haas_halupczok_schlage_puchta_2009,lit_rivas_soriano_2005_2008
12,6,3,144,384,lit_haas_halupczok_schlage_puchta_2009,rule_q_ary_lifting
12,6,4,30,41,lit_haas_schlage_puchta_quistorff_2008_2009,rule_trivial_upper
12,6,5,12,12,rule_nonexistence_perfect_code,rule_trivial_upper
12,6,6,1,1,rule_trivial_lower,rule_trivial_upper
12,7,1,497664,706560,lit_rodemich_1970,rule_length_monotonicity
12,7,2,14036,26920,rule_improved_sphere_covering_bound,rule_known_smaller_q_bound
12,7,3,878,3456,lit_haas_halupczok_schlage_puchta_2009,rule_direct_sum
12,7,4,104,264,lit_haas_halupczok_schlage_puchta_2009,lit_keri_ostergard_2005
12,7,5,25,36,lit_rodemich_1970,lit_keri_ostergard_2005
12,7,6,12,12,rule_trivial_lower,rule_trivial_upper
12,7,7,1,1,rule_trivial_lower,rule_trivial_upper
12,8,1,5146894,7558272,lit_quistorff_2001,rule_q_ary_lifting
12,8,2,123772,323040,rule_improved_sphere_covering_bound,rule_length_monotonicity
12,8,3,5577,26920,rule_improved_sphere_covering_bound,rule_radius_length_monotonicity
12,8,4,513,2304,lit_haas_halupczok_schlage_puchta_2009,rule_direct_sum
12,8,5,78,264,lit_haas_halupczok_schlage_puchta_2009,rule_radius_length_monotonicity
12,8,6,23,32,lit_haas_schlage_puchta_quistorff_2008_2009,lit_keri_ostergard_2005
12,8,7,12,12,rule_trivial_lower,rule_trivial_upper
12,8,8,1,1,rule_trivial_lower,rule_trivial_upper
13,1,1,1,1,rule_trivial_lower,rule_trivial_upper
13,2,1,13,13,rule_trivial_lower,rule_trivial_upper
13,2,2,1,1,rule_trivial_lower,rule_trivial_upper
13,3,1,85,85,lit_kalbfleisch_stanton_1969,rule_trivial_upper
13,3,2,13,13,lit_kalbfleisch_stanton_1969,rule_trivial_upper
13,3,3,1,1,rule_trivial_lower,rule_trivial_upper
13,4,1,733,765,lit_rodemich_1970,rule_adjoint_code_constructions
13,4,2,57,57,lit_rodemich_1970,lit_keri_ostergard_2005
13,4,3,13,13,rule_trivial_lower,rule_trivial_upper
13,4,4,1,1,rule_trivial_lower,rule_trivial_upper
13,5,1,7141,7654,lit_rodemich_1970,rule_adjoint_code_constructions
13,5,2,311,583,lit_haas_halupczok_schlage_puchta_2009,lit_rivas_soriano_2005_2008
13,5,3,43,48,lit_rodemich_1970,lit_rivas_soriano_2005_2008
13,5,4,13,13,rule_trivial_lower,rule_trivial_upper
13,5,5,1,1,rule_trivial_lower,rule_trivial_upper
13,6,1,74259,92535,lit_rodemich_1970,rule_adjoint_code_constructions
13,6,2,2169,6127,lit_chen_honkala_1990,lit_rivas_soriano_2005_2008
13,6,3,193,495,lit_haas_halupczok_schlage_puchta_2009,lit_rivas_soriano_2005_2008
13,6,4,35,46,lit_haas_schlage_puchta_quistorff_2008_2009,rule_trivial_upper
13,6,5,13,13,rule_nonexistence_perfect_code,rule_trivial_upper
13,6,6,1,1,rule_trivial_lower,rule_trivial_upper
13,7,1,804469,1202955,lit_rodemich_1970,rule_length_monotonicity
13,7,2,20189,47111,lit_chen_honkala_1990,lit_rivas_soriano_2005_2008
13,7,3,1198,4294,lit_haas_halupczok_schlage_puchta_2009,lit_keri_ostergard_2005
13,7,4,132,356,lit_haas_halupczok_schlage_puchta_2009,lit_rivas_soriano_2005_2008
13,7,5,29,42,lit_rodemich_1970,lit_keri_ostergard_2005
13,7,6,13,13,rule_trivial_lower,rule_trivial_upper
13,7,7,1,1,rule_trivial_lower,rule_trivial_upper
13,8,1,8988848,12259982,lit_quistorff_2001,rule_adjoint_code_constructions
13,8,2,197563,371293,lit_chen_honkala_1990,rule_linear_code
13,8,3,8086,28561,lit_chen_honkala_1990,rule_linear_code;lit_bartoli_davydov_marcugini_pambianco_2020
13,8,4,684,3249,lit_haas_halupczok_schlage_puchta_2009,rule_direct_sum
13,8,5,98,356,lit_haas_halupczok_schlage_puchta_2009,rule_radius_length_monotonicity
13,8,6,25,37,lit_rodemich_1970,lit_keri_ostergard_2005
13,8,7,13,13,rule_trivial_lower,rule_trivial_upper
13,8,8,1,1,rule_trivial_lower,rule_trivial_upper
14,1,1,1,1,rule_trivial_lower,rule_trivial_upper
14,2,1,14,14,rule_trivial_lower,rule_trivial_upper
14,2,2,1,1,rule_trivial_lower,rule_trivial_upper
14,3,1,98,98,lit_kalbfleisch_stanton_1969,rule_trivial_upper
14,3,2,14,14,lit_kalbfleisch_stanton_1969,rule_trivial_upper
14,3,3,1,1,rule_trivial_lower,rule_trivial_upper
14,4,1,915,984,lit_rodemich_1970,rule_adjoint_code_constructions
14,4,2,66,66,lit_rodemich_1970,lit_keri_ostergard_2005
14,4,3,14,14,rule_trivial_lower,rule_trivial_upper
14,4,4,1,1,rule_trivial_lower,rule_trivial_upper
14,5,1,9605,10858,lit_rodemich_1970,rule_adjoint_code_constructions
14,5,2,381,686,lit_haas_halupczok_schlage_puchta_2009,lit_keri_ostergard_2005
14,5,3,50,54,lit_rodemich_1970,lit_keri_ostergard_2005
14,5,4,14,14,rule_trivial_lower,rule_trivial_upper
14,5,5,1,1,rule_trivial_lower,rule_trivial_upper
14,6,1,107565,130665,lit_rodemich_1970,rule_adjoint_code_constructions
14,6,2,2955,7203,rule_improved_sphere_covering_bound,rule_q_ary_lifting
14,6,3,235,610,lit_haas_halupczok_schlage_puchta_2009,lit_rivas_soriano_2005_2008
14,6,4,40,52,lit_rodemich_1970,rule_trivial_upper
14,6,5,14,14,rule_nonexistence_perfect_code,rule_trivial_upper
14,6,6,1,1,rule_trivial_lower,rule_trivial_upper
14,7,1,1254923,1829310,lit_rodemich_1970,rule_length_monotonicity
14,7,2,29273,78934,rule_improved_sphere_covering_bound,lit_rivas_soriano_2005_2008
14,7,3,1570,4802,lit_haas_halupczok_schlage_puchta_2009,lit_keri_ostergard_2005
14,7,4,162,448,lit_haas_halupczok_schlage_puchta_2009,lit_rivas_soriano_2005_2008
14,7,5,34,48,lit_haas_schlage_puchta_quistorff_2008_2009,lit_keri_ostergard_2005
14,7,6,14,14,rule_trivial_lower,rule_trivial_upper
14,7,7,1,1,rule_trivial_lower,rule_trivial_upper
14,8,1,15059072,15059072,lit_blokhuis_lam_1984,lit_blokhuis_lam_1984
14,8,2,305294,671728,rule_improved_sphere_covering_bound,rule_known_smaller_q_bound
14,8,3,11878,51670,rule_improved_sphere_covering_bound,rule_known_smaller_q_bound
14,8,4,917,4356,lit_haas_halupczok_schlage_puchta_2009,rule_direct_sum
14,8,5,119,448,lit_haas_halupczok_schlage_puchta_2009,rule_radius_length_monotonicity
14,8,6,29,42,lit_rodemich_1970,lit_keri_ostergard_2005
14,8,7,14,14,rule_trivial_lower,rule_trivial_upper
14,8,8,1,1,rule_trivial_lower,rule_trivial_upper
15,1,1,1,1,rule_trivial_lower,rule_trivial_upper
15,2,1,15,15,rule_trivial_lower,rule_trivial_upper
15,2,2,1,1,rule_trivial_lower,rule_trivial_upper
15,3,1,113,113,lit_kalbfleisch_stanton_1969,rule_trivial_upper
15,3,2,15,15,lit_kalbfleisch_stanton_1969,rule_trivial_upper
15,3,3,1,1,rule_trivial_lower,rule_trivial_upper
15,4,1,1125,1125,lit_blokhuis_lam_1984,lit_blokhuis_lam_1984
15,4,2,75,75,lit_rodemich_1970,lit_keri_ostergard_2005
15,4,3,15,15,rule_trivial_lower,rule_trivial_upper
15,4,4,1,1,rule_trivial_lower,rule_trivial_upper
15,5,1,12657,14289,lit_rodemich_1970,rule_adjoint_code_constructions
15,5,2,465,855,lit_haas_halupczok_schlage_puchta_2009,lit_keri_ostergard_2005
15,5,3,57,59,lit_rodemich_1970,lit_keri_ostergard_2005
15,5,4,15,15,rule_trivial_lower,rule_trivial_upper
15,5,5,1,1,rule_trivial_lower,rule_trivial_upper
15,6,1,151875,151875,lit_blokhuis_lam_1984,lit_blokhuis_lam_1984
15,6,2,3812,10625,rule_improved_sphere_covering_bound,rule_q_ary_lifting
15,6,3,291,730,lit_haas_halupczok_schlage_puchta_2009,lit_rivas_soriano_2005_2008
15,6,4,46,59,lit_rodemich_1970,rule_radius_length_monotonicity
15,6,5,15,15,rule_trivial_lower,rule_trivial_upper
15,6,6,1,1,rule_trivial_lower,rule_trivial_upper
15,7,1,1898438,2278125,lit_rodemich_1970,rule_length_monotonicity
15,7,2,41361,127125,rule_improved_sphere_covering_bound,rule_direct_sum
15,7,3,1745,6497,lit_lang_quistorff_schneider_2006_2007,lit_keri_ostergard_2005
15,7,4,192,519,lit_haas_halupczok_schlage_puchta_2009,lit_keri_ostergard_2005
15,7,5,39,54,lit_haas_schlage_puchta_quistorff_2008_2009,lit_keri_ostergard_2005
15,7,6,15,15,rule_trivial_lower,rule_trivial_upper
15,7,7,1,1,rule_trivial_lower,rule_trivial_upper
15,8,1,24408483,26150859,lit_rodemich_1970,rule_adjoint_code_constructions
15,8,2,457584,1166533,lit_chen_honkala_1990,rule_known_smaller_q_bound
15,8,3,16380,84375,rule_improved_sphere_covering_bound,rule_direct_sum
15,8,4,1181,5625,lit_haas_halupczok_schlage_puchta_2009,rule_direct_sum
15,8,5,141,519,lit_haas_halupczok_schlage_puchta_2009,rule_radius_length_monotonicity
15,8,6,33,49,lit_rodemich_1970,lit_keri_ostergard_2005
15,8,7,15,15,rule_trivial_lower,rule_trivial_upper
15,8,8,1,1,rule_trivial_lower,rule_trivial_upper
16,1,1,1,1,rule_trivial_lower,rule_trivial_upper
16,2,1,16,16,rule_trivial_lower,rule_trivial_upper
16,2,2,1,1,rule_trivial_lower,rule_trivial_upper
16,3,1,128,128,lit_kalbfleisch_stanton_1969,rule_trivial_upper
16,3,2,16,16,lit_kalbfleisch_stanton_1969,rule_trivial_upper
16,3,3,1,1,rule_trivial_lower,rule_trivial_upper
16,4,1,1366,1416,lit_rodemich_1970,rule_adjoint_code_constructions
16,4,2,86,87,lit_rodemich_1970,lit_keri_ostergard_2005
16,4,3,16,16,rule_trivial_lower,rule_trivial_upper
16,4,4,1,1,rule_trivial_lower,rule_trivial_upper
16,5,1,16384,16384,lit_blokhuis_lam_1984,lit_blokhuis_lam_1984
16,5,2,576,1024,lit_haas_halupczok_schlage_puchta_2009,lit_keri_ostergard_2005
16,5,3,64,64,lit_rodemich_1970,lit_keri_ostergard_2005
16,5,4,16,16,rule_trivial_lower,rule_trivial_upper
16,5,5,1,1,rule_trivial_lower,rule_trivial_upper
16,6,1,209716,223360,lit_rodemich_1970,rule_adjoint_code_constructions
16,6,2,4848,10752,lit_chen_honkala_1990,rule_q_ary_lifting
16,6,3,344,896,lit_haas_halupczok_schlage_puchta_2009,rule_q_ary_lifting
16,6,4,52,64,lit_rodemich_1970,rule_radius_length_monotonicity
16,6,5,16,16,rule_trivial_lower,rule_trivial_upper
16,6,6,1,1,rule_trivial_lower,rule_trivial_upper
16,7,1,2796203,3573760,lit_rodemich_1970,rule_length_monotonicity
16,7,2,55600,172032,rule_improved_sphere_covering_bound,rule_length_monotonicity
16,7,3,2226,8192,lit_lang_quistorff_schneider_2006_2007,lit_keri_ostergard_2005
16,7,4,227,611,lit_haas_halupczok_schlage_puchta_2009,lit_rivas_soriano_2005_2008
16,7,5,44,60,lit_haas_schlage_puchta_quistorff_2008_2009,lit_keri_ostergard_2005
16,7,6,16,16,rule_trivial_lower,rule_trivial_upper
16,7,7,1,1,rule_trivial_lower,rule_trivial_upper
16,8,1,38347923,43810816,lit_rodemich_1970,rule_adjoint_code_constructions
16,8,2,669207,1954905,rule_improved_sphere_covering_bound,rule_known_smaller_q_bound
16,8,3,22167,123192,rule_improved_sphere_covering_bound,rule_direct_sum
16,8,4,1507,7569,lit_haas_halupczok_schlage_puchta_2009,rule_direct_sum
16,8,5,168,611,lit_haas_halupczok_schlage_puchta_2009,rule_radius_length_monotonicity
16,8,6,38,56,lit_haas_schlage_puchta_quistorff_2008_2009,lit_keri_ostergard_2005
16,8,7,16,16,rule_trivial_lower,rule_trivial_upper
16,8,8,1,1,rule_trivial_lower,rule_trivial_upper
17,1,1,1,1,rule_trivial_lower,rule_trivial_upper
17,2,1,17,17,rule_trivial_lower,rule_trivial_upper
17,2,2,1,1,rule_trivial_lower,rule_trivial_upper
17,3,1,145,145,lit_kalbfleisch_stanton_1969,rule_trivial_upper
17,3,2,17,17,lit_kalbfleisch_stanton_1969,rule_trivial_upper
17,3,3,1,1,rule_trivial_lower,rule_trivial_upper
17,4,1,1638,1743,lit_rodemich_1970,rule_adjoint_code_constructions
17,4,2,97,99,lit_rodemich_1970,lit_keri_ostergard_2005
17,4,3,17,17,rule_trivial_lower,rule_trivial_upper
17,4,4,1,1,rule_trivial_lower,rule_trivial_upper
17,5,1,20881,22033,lit_rodemich_1970,rule_adjoint_code_constructions
17,5,2,671,1241,lit_haas_halupczok_schlage_puchta_2009,lit_keri_ostergard_2005
17,5,3,73,73,lit_rodemich_1970,lit_keri_ostergard_2005
17,5,4,17,17,rule_trivial_lower,rule_trivial_upper
17,5,5,1,1,rule_trivial_lower,rule_trivial_upper
17,6,1,283972,319925,lit_rodemich_1970,rule_adjoint_code_constructions
17,6,2,6260,14424,rule_improved_sphere_covering_bound,lit_rivas_soriano_2005_2008
17,6,3,407,1241,lit_haas_halupczok_schlage_puchta_2009,rule_length_monotonicity
17,6,4,59,73,lit_haas_schlage_puchta_quistorff_2008_2009,rule_radius_length_monotonicity
17,6,5,17,17,rule_trivial_lower,rule_trivial_upper
17,6,6,1,1,rule_trivial_lower,rule_trivial_upper
17,7,1,4022929,5438725,lit_rodemich_1970,rule_length_monotonicity
17,7,2,75429,252735,rule_improved_sphere_covering_bound,rule_direct_sum
17,7,3,2806,10657,lit_lang_quistorff_schneider_2006_2007,lit_keri_ostergard_2005
17,7,4,271,703,lit_haas_halupczok_schlage_puchta_2009,lit_rivas_soriano_2005_2008
17,7,5,49,66,lit_rodemich_1970,lit_keri_ostergard_2005
17,7,6,17,17,rule_trivial_lower,rule_trivial_upper
17,7,7,1,1,rule_trivial_lower,rule_trivial_upper
17,8,1,58619811,70994315,lit_rodemich_1970,rule_adjoint_code_constructions
17,8,2,955978,3038049,lit_chen_honkala_1990,rule_direct_sum
17,8,3,29478,172557,lit_chen_honkala_1990,rule_direct_sum
17,8,4,1458,9801,rule_improved_sphere_covering_bound,rule_direct_sum
17,8,5,198,703,lit_haas_halupczok_schlage_puchta_2009,rule_radius_length_monotonicity
17,8,6,43,63,lit_haas_schlage_puchta_quistorff_2008_2009,lit_keri_ostergard_2005
17,8,7,17,17,rule_trivial_lower,rule_trivial_upper
17,8,8,1,1,rule_trivial_lower,rule_trivial_upper
18,1,1,1,1,rule_trivial_lower,rule_trivial_upper
18,2,1,18,18,rule_trivial_lower,rule_trivial_upper
18,2,2,1,1,rule_trivial_lower,rule_trivial_upper
18,3,1,162,162,lit_kalbfleisch_stanton_1969,rule_trivial_upper
18,3,2,18,18,lit_kalbfleisch_stanton_1969,rule_trivial_upper
18,3,3,1,1,rule_trivial_lower,rule_trivial_upper
18,4,1,1944,1944,lit_blokhuis_lam_1984,lit_blokhuis_lam_1984
18,4,2,109,111,lit_rodemich_1970,lit_keri_ostergard_2005
18,4,3,18,18,rule_trivial_lower,rule_trivial_upper
18,4,4,1,1,rule_trivial_lower,rule_trivial_upper
18,5,1,26245,28904,lit_rodemich_1970,rule_adjoint_code_constructions
18,5,2,807,1458,lit_haas_halupczok_schlage_puchta_2009,lit_keri_ostergard_2005
18,5,3,82,82,lit_rodemich_1970,lit_keri_ostergard_2005
18,5,4,18,18,rule_trivial_lower,rule_trivial_upper
18,5,5,1,1,rule_trivial_lower,rule_trivial_upper
18,6,1,377914,442240,lit_rodemich_1970,rule_adjoint_code_constructions
18,6,2,7741,15309,rule_improved_sphere_covering_bound,rule_q_ary_lifting
18,6,3,471,1353,lit_haas_halupczok_schlage_puchta_2009,rule_q_ary_lifting
18,6,4,66,80,lit_haas_schlage_puchta_quistorff_2008_2009,lit_keri_ostergard_2005
18,6,5,18,18,rule_trivial_lower,rule_trivial_upper
18,6,6,1,1,rule_trivial_lower,rule_trivial_upper
18,7,1,5668704,7960320,lit_rodemich_1970,rule_length_monotonicity
18,7,2,100579,275562,rule_improved_sphere_covering_bound,rule_length_monotonicity
18,7,3,3492,13122,lit_lang_quistorff_schneider_2006_2007,lit_keri_ostergard_2005
18,7,4,316,774,lit_haas_halupczok_schlage_puchta_2009,lit_rivas_soriano_2005_2008
18,7,5,55,72,lit_rodemich_1970,lit_keri_ostergard_2005
18,7,6,18,18,rule_trivial_lower,rule_trivial_upper
18,7,7,1,1,rule_trivial_lower,rule_trivial_upper
18,8,1,87460005,110939643,lit_rodemich_1970,rule_adjoint_code_constructions
18,8,2,1339650,3779136,rule_improved_sphere_covering_bound,rule_direct_sum
18,8,3,39755,215784,rule_improved_sphere_covering_bound,rule_direct_sum
18,8,4,1839,12321,lit_lang_quistorff_schneider_2006_2007,rule_direct_sum
18,8,5,233,774,lit_haas_halupczok_schlage_puchta_2009,rule_radius_length_monotonicity
18,8,6,48,70,lit_haas_schlage_puchta_quistorff_2008_2009,lit_keri_ostergard_2005
18,8,7,18,18,rule_trivial_lower,rule_trivial_upper
18,8,8,1,1,rule_trivial_lower,rule_trivial_upper
19,1,1,1,1,rule_trivial_lower,rule_trivial_upper
19,2,1,19,19,rule_trivial_lower,rule_trivial_upper
19,2,2,1,1,rule_trivial_lower,rule_trivial_upper
19,3,1,181,181,lit_kalbfleisch_stanton_1969,rule_trivial_upper
19,3,2,19,19,lit_kalbfleisch_stanton_1969,rule_trivial_upper
19,3,3,1,1,rule_trivial_lower,rule_trivial_upper
19,4,1,2287,2359,lit_rodemich_1970,rule_adjoint_code_constructions
19,4,2,121,123,lit_rodemich_1970,lit_keri_ostergard_2005
19,4,3,19,19,rule_trivial_lower,rule_trivial_upper
19,4,4,1,1,rule_trivial_lower,rule_trivial_upper
19,5,1,32581,35881,lit_rodemich_1970,rule_adjoint_code_constructions
19,5,2,957,1779,lit_haas_halupczok_schlage_puchta_2009,lit_li_ji_yin_2008
19,5,3,91,91,lit_rodemich_1970,lit_keri_ostergard_2005
19,5,4,19,19,rule_trivial_lower,rule_trivial_upper
19,5,5,1,1,rule_trivial_lower,rule_trivial_upper
19,6,1,495220,571300,lit_rodemich_1970,rule_adjoint_code_constructions
19,6,2,9479,20890,lit_chen_honkala_1990,lit_rivas_soriano_2005_2008
19,6,3,557,1568,lit_haas_halupczok_schlage_puchta_2009,lit_rivas_soriano_2005_2008
19,6,4,73,86,lit_rodemich_1970,lit_keri_ostergard_2005
19,6,5,19,19,rule_trivial_lower,rule_trivial_upper
19,6,6,1,1,rule_trivial_lower,rule_trivial_upper
19,7,1,7840981,10854700,lit_rodemich_1970,rule_length_monotonicity
19,7,2,128972,396910,lit_chen_honkala_1990,rule_length_monotonicity
19,7,3,4237,18737,lit_chen_honkala_1990,lit_keri_ostergard_2005
19,7,4,367,866,lit_haas_halupczok_schlage_puchta_2009,lit_rivas_soriano_2005_2008
19,7,5,61,81,lit_rodemich_1970,lit_keri_ostergard_2005
19,7,6,19,19,rule_trivial_lower,rule_trivial_upper
19,7,7,1,1,rule_trivial_lower,rule_trivial_upper
19,8,1,127695963,164570091,lit_rodemich_1970,rule_adjoint_code_constructions
19,8,2,1842639,5564881,lit_chen_honkala_1990,rule_direct_sum
19,8,3,51278,290157,rule_improved_sphere_covering_bound,rule_direct_sum
19,8,4,2256,15129,rule_improved_sphere_covering_bound,rule_direct_sum
19,8,5,271,866,lit_haas_halupczok_schlage_puchta_2009,rule_radius_length_monotonicity
19,8,6,53,77,lit_haas_schlage_puchta_quistorff_2008_2009,lit_keri_ostergard_2005
19,8,7,19,19,rule_trivial_lower,rule_trivial_upper
19,8,8,1,1,rule_trivial_lower,rule_trivial_upper
20,1,1,1,1,rule_trivial_lower,rule_trivial_upper
20,2,1,20,20,rule_trivial_lower,rule_trivial_upper
20,2,2,1,1,rule_trivial_lower,rule_trivial_upper
20,3,1,200,200,lit_kalbfleisch_stanton_1969,rule_trivial_upper
20,3,2,20,20,lit_kalbfleisch_stanton_1969,rule_trivial_upper
20,3,3,1,1,rule_trivial_lower,rule_trivial_upper
20,4,1,2667,2816,lit_rodemich_1970,rule_adjoint_code_constructions
20,4,2,134,135,lit_rodemich_1970,lit_keri_ostergard_2005
20,4,3,20,20,rule_trivial_lower,rule_trivial_upper
20,4,4,1,1,rule_trivial_lower,rule_trivial_upper
20,5,1,40000,40000,lit_blokhuis_lam_1984,lit_blokhuis_lam_1984
20,5,2,1088,2000,lit_haas_halupczok_schlage_puchta_2009,rule_q_ary_lifting
20,5,3,100,100,lit_rodemich_1970,lit_keri_ostergard_2005
20,5,4,20,20,rule_trivial_lower,rule_trivial_upper
20,5,5,1,1,rule_trivial_lower,rule_trivial_upper
20,6,1,640000,640000,lit_blokhuis_lam_1984,lit_blokhuis_lam_1984
20,6,2,11778,28160,rule_improved_sphere_covering_bound,lit_rivas_soriano_2005_2008
20,6,3,650,1600,lit_haas_halupczok_schlage_puchta_2009,rule_q_ary_lifting
20,6,4,81,93,lit_rodemich_1970,lit_keri_ostergard_2005
20,6,5,20,20,rule_trivial_lower,rule_trivial_upper
20,6,6,1,1,rule_trivial_lower,rule_trivial_upper
20,7,1,10666667,12800000,lit_rodemich_1970,rule_length_monotonicity
20,7,2,167165,563200,rule_improved_sphere_covering_bound,rule_direct_sum
20,7,3,5174,21202,lit_chen_honkala_1990,lit_keri_ostergard_2005
20,7,4,419,979,lit_haas_halupczok_schlage_puchta_2009,lit_rivas_soriano_2005_2008
20,7,5,68,89,lit_haas_schlage_puchta_quistorff_2008_2009,lit_keri_ostergard_2005
20,7,6,20,20,rule_trivial_lower,rule_trivial_upper
20,7,7,1,1,rule_trivial_lower,rule_trivial_upper
20,8,1,182857143,223741497,lit_rodemich_1970,rule_adjoint_code_constructions
20,8,2,2495614,7929856,rule_improved_sphere_covering_bound,rule_direct_sum
20,8,3,65351,380160,rule_improved_sphere_covering_bound,rule_direct_sum
20,8,4,2760,18225,rule_improved_sphere_covering_bound,rule_direct_sum
20,8,5,312,979,lit_haas_halupczok_schlage_puchta_2009,rule_radius_length_monotonicity
20,8,6,58,84,lit_rodemich_1970,lit_keri_ostergard_2005
20,8,7,20,20,rule_trivial_lower,rule_trivial_upper
20,8,8,1,1,rule_trivial_lower,rule_trivial_upper
21,1,1,1,1,rule_trivial_lower,rule_trivial_upper
21,2,1,21,21,rule_trivial_lower,rule_trivial_upper
21,2,2,1,1,rule_trivial_lower,rule_trivial_upper
21,3,1,221,221,lit_kalbfleisch_stanton_1969,rule_trivial_upper
21,3,2,21,21,lit_kalbfleisch_stanton_1969,rule_trivial_upper
21,3,3,1,1,rule_trivial_lower,rule_trivial_upper
21,4,1,3087,3087,lit_blokhuis_lam_1984,lit_blokhuis_lam_1984
21,4,2,147,147,lit_rodemich_1970,lit_keri_ostergard_2005
21,4,3,21,21,rule_trivial_lower,rule_trivial_upper
21,4,4,1,1,rule_trivial_lower,rule_trivial_upper
21,5,1,48621,50796,lit_rodemich_1970,rule_adjoint_code_constructions
21,5,2,1257,2381,lit_haas_halupczok_schlage_puchta_2009,lit_li_ji_yin_2008
21,5,3,111,114,lit_rodemich_1970,lit_keri_ostergard_2005
21,5,4,21,21,rule_trivial_lower,rule_trivial_upper
21,5,5,1,1,rule_trivial_lower,rule_trivial_upper
21,6,1,816821,856885,lit_rodemich_1970,rule_adjoint_code_constructions
21,6,2,14131,37481,rule_improved_sphere_covering_bound,lit_rivas_soriano_2005_2008
21,6,3,738,2058,lit_haas_halupczok_schlage_puchta_2009,rule_q_ary_lifting
21,6,4,89,99,lit_rodemich_1970,lit_keri_ostergard_2005
21,6,5,21,21,rule_trivial_lower,rule_trivial_upper
21,6,6,1,1,rule_trivial_lower,rule_trivial_upper
21,7,1,14294354,17994585,lit_rodemich_1970,rule_length_monotonicity
21,7,2,213881,571438,rule_improved_sphere_covering_bound,rule_q_ary_lifting
21,7,3,6249,28812,lit_chen_honkala_1990,rule_q_ary_lifting
21,7,4,497,1029,lit_haas_halupczok_schlage_puchta_2009,lit_keri_ostergard_2005
21,7,5,75,98,lit_haas_schlage_puchta_quistorff_2008_2009,lit_keri_ostergard_2005
21,7,6,21,21,rule_trivial_lower,rule_trivial_upper
21,7,7,1,1,rule_trivial_lower,rule_trivial_upper
21,8,1,257298363,257298363,lit_blokhuis_lam_1984,lit_blokhuis_lam_1984
21,8,2,3329193,9529569,lit_chen_honkala_1990,rule_direct_sum
21,8,3,82341,453789,lit_chen_honkala_1990,rule_direct_sum
21,8,4,3288,21609,lit_lang_quistorff_schneider_2006_2007,rule_length_monotonicity
21,8,5,354,1029,lit_haas_halupczok_schlage_puchta_2009,rule_radius_length_monotonicity
21,8,6,64,91,lit_rodemich_1970,lit_keri_ostergard_2005
21,8,7,21,21,rule_trivial_lower,rule_trivial_upper
21,8,8,1,1,rule_trivial_lower,rule_trivial_upper
